smiles,valid,mol_wt,logp,hbd,hba,rotatable_bonds,tpsa,molar_refractivity,n_heavy_atoms,rules_passed_of_4,structural_alert,source,predicted_developability_pass
CNCc1ccc(-c2cc(-c3nc(-c4ccc(S(=O)(=O)C(C)C)cc4)cnc3N)on2)cc1,True,463.56300000000016,3.949300000000002,2,8,7,124.0,127.8989,33,4,False,seed,True
C[C@@H]1COCCN1c1cc([C@]2(O)C[C@H]3CC[C@@H](C2)O3)c2cnn(C3=NN=CC3)c2n1,True,410.4780000000001,1.8214999999999997,1,8,2,97.36000000000001,112.12280000000005,30,4,False,seed,True
C[C@H](CN(C)C)OC1=N/C(=N\C2=NCc3c(Cl)cccc3C2)C=N[C@H]1C#N,True,384.8710000000001,2.5348800000000002,0,6,3,85.69999999999999,108.15900000000005,27,4,True,seed,False
COc1cccc(OCCCN)c1-c1cc(Nc2cnc(C#N)cn2)n[nH]1,True,365.397,2.2181799999999994,3,8,8,134.76,99.77180000000001,27,3,True,seed,False
C[C@@H]1COCCN1c1cc(C2([S@](C)(=N)=O)CC2)nc(-c2cncc3[nH]ccc23)n1,True,412.51900000000006,2.9106700000000005,2,7,4,107.85000000000001,112.44480000000003,29,4,False,seed,True
CC(C)S(=O)(=O)c1ccc(-c2cc(-c3c(N(C)C)cccc3N(C)C)c3cnn(C4=NN=CC4)c3n2)cc1,True,529.6700000000003,4.715500000000004,0,8,6,96.05000000000001,155.3177999999997,38,3,False,derivative,True
CC(C)S(=O)(=O)c1ccc(-c2cc(-c3c(N(C)C)cccc3N(C)C)nc3c2cnn3C2=NN=CC2)cc1,True,529.6700000000003,4.715500000000004,0,8,6,96.05000000000001,155.3177999999997,38,3,False,derivative,True
CC(C)S(=O)(=O)c1ccc(-c2cc(-c3c(N(C)C)cccc3N3CCOC[C@H]3C)c3cnn(C4=NN=CC4)c3n2)cc1,True,585.7340000000002,4.8746000000000045,0,9,6,105.28000000000002,168.61779999999956,42,3,False,derivative,True
CC(C)S(=O)(=O)c1ccc(-c2cc(-c3c(N(C)C)cccc3N3CCOC[C@H]3C)nc3c2cnn3C2=NN=CC2)cc1,True,585.7340000000002,4.8746000000000045,0,9,6,105.28,168.61779999999956,42,3,False,derivative,True
CC(C)S(=O)(=O)c1ccc(-c2cc(C3([S@](C)(=N)=O)CC3)nc3c2cnn3C2=NN=CC2)cc1,True,484.60700000000026,3.5821700000000023,1,8,5,130.49,128.92590000000004,33,3,False,derivative,True
CC(C)S(=O)(=O)c1ccc(-c2cc([C@]3(O)C[C@H]4CC[C@@H](C3)O4)nc3c2cnn3C2=NN=CC2)cc1,True,493.5890000000003,3.4455000000000027,1,8,4,119.03,132.25359999999998,35,3,False,derivative,True
CC(C)S(=O)(=O)c1ccc(-c2cccc(N(C)C)c2-c2cc(N(C)C)c3cnn(C4=NN=CC4)c3n2)cc1,True,529.6700000000003,4.715500000000004,0,8,6,96.05000000000001,155.3177999999997,38,3,False,derivative,True
CC(C)S(=O)(=O)c1ccc(-c2cccc(N(C)C)c2-c2cc(N(C)C)nc3c2cnn3C2=NN=CC2)cc1,True,529.6700000000003,4.715500000000004,0,8,6,96.05000000000001,155.3177999999997,38,3,False,derivative,True
CC(C)S(=O)(=O)c1ccc(-c2cccc(N(C)C)c2-c2cc(N3CCOC[C@H]3C)c3cnn(C4=NN=CC4)c3n2)cc1,True,585.7340000000003,4.8746000000000045,0,9,6,105.28000000000002,168.61779999999956,42,3,False,derivative,True
CC(C)S(=O)(=O)c1ccc(-c2cccc(N(C)C)c2-c2cc(N3CCOC[C@H]3C)nc3c2cnn3C2=NN=CC2)cc1,True,585.7340000000003,4.8746000000000045,0,9,6,105.28,168.61779999999956,42,3,False,derivative,True
CC(C)S(=O)(=O)c1ccc(-c2cccc(N3CCOC[C@H]3C)c2-c2cc(N(C)C)c3cnn(C4=NN=CC4)c3n2)cc1,True,585.7340000000003,4.8746000000000045,0,9,6,105.28,168.61779999999956,42,3,False,derivative,True
CC(C)S(=O)(=O)c1ccc(-c2cccc(N3CCOC[C@H]3C)c2-c2cc(N(C)C)nc3c2cnn3C2=NN=CC2)cc1,True,585.7340000000003,4.8746000000000045,0,9,6,105.28,168.61779999999956,42,3,False,derivative,True
CC(C)S(=O)(=O)c1ccc(CNc2cc([C@]3(O)C[C@H]4CC[C@@H](C3)O4)nc3c2cnn3C2=NN=CC2)cc1,True,522.6310000000004,3.390600000000002,2,9,6,131.06,140.58629999999988,37,3,False,derivative,True
CC(C)S(=O)(=O)c1ccc(COc2cc(C3([S@](C)(=N)=O)CC3)nc3c2cnn3C2=NN=CC2)cc1,True,514.6330000000003,3.494170000000002,1,9,7,139.72,134.26389999999998,35,2,False,derivative,False
CC(C)S(=O)(=O)c1ccc(Nc2cc([C@]3(O)C[C@H]4CC[C@@H](C3)O4)nc3c2cnn3C2=NN=CC2)cc1,True,508.6040000000003,3.522100000000002,2,9,5,131.06,136.54229999999993,36,3,False,derivative,True
CC(C)S(=O)(=O)c1ccc(OCc2cc(C3([S@](C)(=N)=O)CC3)nc3c2cnn3C2=NN=CC2)cc1,True,514.6330000000003,3.494170000000002,1,9,7,139.72,134.26389999999998,35,2,False,derivative,False
CC(C)S(=O)(=O)c1ccc(Oc2cc(C3([S@](C)(=N)=O)CC3)nc3c2cnn3C2=NN=CC2)cc1,True,500.6060000000003,3.7074700000000025,1,9,6,139.72,130.00590000000003,34,2,False,derivative,False
CN(C)Cc1cc(-c2cc(C3([S@](C)(=N)=O)CC3)nc3c2cnn3C2=NN=CC2)[nH]n1,True,425.5220000000001,2.18477,2,8,5,128.26999999999998,116.14080000000004,30,4,False,derivative,True
CN(C)Cc1cc(-c2cc(C3([S@](C)(=N)=O)CC3)nc3c2cnn3C2=NN=CC2)n[nH]1,True,425.5220000000001,2.18477,2,8,5,128.27,116.14080000000004,30,4,False,derivative,True
CN(C)Cc1cc(-c2cc(C3([S@](C)(=N)=O)CC3)nc3c2cnn3C2=NN=CC2)no1,True,426.50600000000014,2.4496700000000002,1,9,5,125.62,114.05610000000004,30,4,False,derivative,True
CN(C)Cc1cc(-c2cc(C3([S@](C)(=N)=O)CC3)nc3c2cnn3C2=NN=CC2)on1,True,426.50600000000014,2.4496700000000002,1,9,5,125.62,114.05610000000004,30,4,False,derivative,True
CN(C)Cc1cc(-c2cc(N(C)C)c3cnn(C4=NN=CC4)c3n2)nc2c1cnn2C1=NN=CC1,True,468.5290000000002,2.2428,0,10,4,117.34,137.65199999999993,35,3,False,derivative,True
CN(C)Cc1cc(-c2cc([C@]3(O)C[C@H]4CC[C@@H](C3)O4)nc3c2cnn3C2=NN=CC2)[nH]n1,True,434.5040000000001,2.0481,2,8,4,116.81000000000002,119.46850000000005,32,4,False,derivative,True
CN(C)Cc1cc(-c2cc([C@]3(O)C[C@H]4CC[C@@H](C3)O4)nc3c2cnn3C2=NN=CC2)n[nH]1,True,434.5040000000001,2.0481,2,8,4,116.81,119.46850000000005,32,4,False,derivative,True
CN(C)Cc1cc(-c2cc([C@]3(O)C[C@H]4CC[C@@H](C3)O4)nc3c2cnn3C2=NN=CC2)no1,True,435.4880000000001,2.3129999999999997,1,9,4,114.16000000000001,117.38380000000005,32,4,False,derivative,True
CN(C)Cc1cc(-c2cc([C@]3(O)C[C@H]4CC[C@@H](C3)O4)nc3c2cnn3C2=NN=CC2)on1,True,435.4880000000001,2.3129999999999997,1,9,4,114.16000000000001,117.38380000000005,32,4,False,derivative,True
CN(C)Cc1cc(C2([S@](C)(=N)=O)CC2)nc2c1cnn2C1=NN=CC1,True,359.45900000000006,1.79467,1,7,4,99.59,98.55910000000004,25,4,False,derivative,True
CN(C)Cc1ccc(-c2cc(C3([S@](C)(=N)=O)CC3)nc3c2cnn3C2=NN=CC2)cc1,True,435.5570000000002,3.4616700000000016,1,7,5,99.59,123.99510000000004,31,4,False,derivative,True
CN(C)Cc1ccc(-c2cc([C@]3(O)C[C@H]4CC[C@@H](C3)O4)nc3c2cnn3C2=NN=CC2)cc1,True,444.53900000000016,3.325000000000002,1,7,4,88.13000000000001,127.32280000000004,33,4,False,derivative,True
CN(C)Cc1cnc(N)c(-c2cc([C@]3(O)C[C@H]4CC[C@@H](C3)O4)nc3c2cnn3C2=NN=CC2)n1,True,461.53000000000026,1.6972000000000003,2,10,4,139.93,127.32520000000004,34,3,False,derivative,True
CN(C)Cc1nc(-c2cc([C@]3(O)C[C@H]4CC[C@@H](C3)O4)nc3c2cnn3C2=NN=CC2)cnc1N,True,461.53000000000014,1.6971999999999996,2,10,4,139.93,127.32520000000004,34,3,False,derivative,True
CN(C)c1c(-c2cc(C3([S@](C)(=N)=O)CC3)nc3c2cnn3C2=NN=CC2)cccc1[C@]1(O)C[C@H]2CC[C@@H](C1)O2,True,547.6850000000003,3.995070000000003,2,9,5,129.05,151.95689999999976,39,3,False,derivative,True
CN(C)c1c(-c2cc([C@]3(O)C[C@H]4CC[C@@H](C3)O4)nc3c2cnn3C2=NN=CC2)cccc1C1([S@](C)(=N)=O)CC1,True,547.6850000000001,3.995070000000003,2,9,5,129.05,151.95689999999976,39,3,False,derivative,True
CN(C)c1c(-c2cc([C@]3(O)C[C@H]4CC[C@@H](C3)O4)nc3c2cnn3C2=NN=CC2)cccc1[C@]1(O)C[C@H]2CC[C@@H](C1)O2,True,556.6670000000003,3.858400000000003,2,9,4,117.59000000000002,155.2845999999997,41,3,False,derivative,True
CN(C)c1c(-c2cnc(C#N)cn2)cccc1-c1cc([C@]2(O)C[C@H]3CC[C@@H](C2)O3)nc2c1cnn2C1=NN=CC1,True,533.5960000000003,3.6580800000000018,1,10,4,137.70000000000002,149.99979999999977,40,2,False,derivative,False
CN(C)c1c(-c2cncc3[nH]ccc23)cccc1-c1cc([C@]2(O)C[C@H]3CC[C@@H](C2)O3)nc2c1cnn2C1=NN=CC1,True,546.6350000000002,4.872700000000004,2,8,4,116.81,159.34649999999968,41,3,False,derivative,True
CN(C)c1cc(-c2c(-c3cnc(C#N)cn3)cccc2-c2cncc3[nH]ccc23)c2cnn(C3=NN=CC3)c2n1,True,523.5640000000002,4.672380000000004,1,9,4,136.92000000000002,154.06169999999975,40,2,False,derivative,False
CN(C)c1cc(-c2c(-c3cnc(C#N)cn3)cccc2-c2cncc3[nH]ccc23)nc2c1cnn2C1=NN=CC1,True,523.5640000000002,4.672380000000004,1,9,4,136.92000000000002,154.06169999999972,40,2,False,derivative,False
CN(C)c1cc(-c2c(-c3cnc(C#N)cn3)cccc2N(C)C)c2cnn(C3=NN=CC3)c2n1,True,450.5100000000002,3.195080000000001,0,9,4,111.48,133.30099999999996,34,3,False,derivative,True
CN(C)c1cc(-c2c(-c3cnc(C#N)cn3)cccc2[C@]2(O)C[C@H]3CC[C@@H](C2)O3)c2cnn(C3=NN=CC3)c2n1,True,533.5960000000003,3.6580800000000018,1,10,4,137.7,149.99979999999977,40,2,False,derivative,False
CN(C)c1cc(-c2c(-c3cnc(C#N)cn3)cccc2[C@]2(O)C[C@H]3CC[C@@H](C2)O3)nc2c1cnn2C1=NN=CC1,True,533.5960000000003,3.6580800000000018,1,10,4,137.70000000000002,149.99979999999977,40,2,False,derivative,False
CN(C)c1cc(-c2c(-c3cncc4[nH]ccc34)cccc2N(C)C)c2cnn(C3=NN=CC3)c2n1,True,463.54900000000026,4.409700000000003,1,7,4,90.59,142.64769999999987,35,3,False,derivative,True
CN(C)c1cc(-c2c(-c3cncc4[nH]ccc34)cccc2[C@]2(O)C[C@H]3CC[C@@H](C2)O3)c2cnn(C3=NN=CC3)c2n1,True,546.6350000000002,4.872700000000004,2,8,4,116.81000000000002,159.34649999999968,41,3,False,derivative,True
CN(C)c1cc(-c2c(-c3cncc4[nH]ccc34)cccc2[C@]2(O)C[C@H]3CC[C@@H](C2)O3)nc2c1cnn2C1=NN=CC1,True,546.6350000000003,4.872700000000004,2,8,4,116.81,159.34649999999968,41,3,False,derivative,True
CN(C)c1cc(-c2c(C3([S@](C)(=N)=O)CC3)cccc2[C@]2(O)C[C@H]3CC[C@@H](C2)O3)c2cnn(C3=NN=CC3)c2n1,True,547.6850000000002,3.9950700000000037,2,9,5,129.05,151.95689999999976,39,3,False,derivative,True
CN(C)c1cc(-c2c(C3([S@](C)(=N)=O)CC3)cccc2[C@]2(O)C[C@H]3CC[C@@H](C2)O3)nc2c1cnn2C1=NN=CC1,True,547.6850000000002,3.9950700000000037,2,9,5,129.05,151.95689999999976,39,3,False,derivative,True
CN(C)c1cc(-c2c(N(C)C)cccc2C2([S@](C)(=N)=O)CC2)c2cnn(C3=NN=CC3)c2n1,True,464.5990000000003,3.532070000000002,1,8,5,102.83,135.25809999999996,33,3,False,derivative,True
CN(C)c1cc(-c2c(N(C)C)cccc2N(C)C)c2cnn(C3=NN=CC3)c2n1,True,390.4950000000001,2.9324000000000012,0,7,4,65.15,121.88700000000006,29,4,False,derivative,True
CN(C)c1cc(-c2c(N(C)C)cccc2[C@]2(O)C[C@H]3CC[C@@H](C2)O3)c2cnn(C3=NN=CC3)c2n1,True,473.5810000000003,3.395400000000002,1,8,4,91.37,138.58579999999992,35,3,False,derivative,True
CN(C)c1cc(-c2c([C@]3(O)C[C@H]4CC[C@@H](C3)O4)cccc2[C@]2(O)C[C@H]3CC[C@@H](C2)O3)c2cnn(C3=NN=CC3)c2n1,True,556.6670000000001,3.858400000000003,2,9,4,117.59000000000002,155.28459999999973,41,3,False,derivative,True
CN(C)c1cc(-c2c([C@]3(O)C[C@H]4CC[C@@H](C3)O4)cccc2[C@]2(O)C[C@H]3CC[C@@H](C2)O3)nc2c1cnn2C1=NN=CC1,True,556.6670000000001,3.858400000000003,2,9,4,117.59,155.28459999999973,41,3,False,derivative,True
CN(C)c1cc(-c2cc(C3([S@](C)(=N)=O)CC3)nc3c2cnn3C2=NN=CC2)[nH]n1,True,411.49500000000006,2.18917,2,8,4,128.26999999999998,113.07680000000003,29,4,False,derivative,True
CN(C)c1cc(-c2cc(C3([S@](C)(=N)=O)CC3)nc3c2cnn3C2=NN=CC2)n[nH]1,True,411.49500000000006,2.18917,2,8,4,128.27,113.07680000000003,29,4,False,derivative,True
CN(C)c1cc(-c2cc(C3([S@](C)(=N)=O)CC3)nc3c2cnn3C2=NN=CC2)nc(N(C)C)n1,True,466.57500000000016,2.32207,1,10,5,128.61,130.84810000000002,33,3,False,derivative,True
CN(C)c1cc(-c2cc(C3([S@](C)(=N)=O)CC3)nc3c2cnn3C2=NN=CC2)no1,True,412.4790000000001,2.4540700000000006,1,9,4,125.62,110.99210000000004,29,4,False,derivative,True
CN(C)c1cc(-c2cc(C3([S@](C)(=N)=O)CC3)nc3c2cnn3C2=NN=CC2)on1,True,412.4790000000001,2.4540700000000006,1,9,4,125.62,110.99210000000004,29,4,False,derivative,True
CN(C)c1cc(-c2cc(N(C)C)c3cnn(C4=NN=CC4)c3n2)nc2c1cnn2C1=NN=CC1,True,454.5020000000002,2.2472000000000003,0,10,3,117.34,134.58799999999997,34,3,False,derivative,True
CN(C)c1cc(-c2cc([C@]3(O)C[C@H]4CC[C@@H](C3)O4)nc3c2cnn3C2=NN=CC2)[nH]n1,True,420.47700000000003,2.0524999999999998,2,8,3,116.81000000000002,116.40450000000004,31,4,False,derivative,True
CN(C)c1cc(-c2cc([C@]3(O)C[C@H]4CC[C@@H](C3)O4)nc3c2cnn3C2=NN=CC2)n[nH]1,True,420.47700000000003,2.0524999999999998,2,8,3,116.81,116.40450000000004,31,4,False,derivative,True
CN(C)c1cc(-c2cc([C@]3(O)C[C@H]4CC[C@@H](C3)O4)nc3c2cnn3C2=NN=CC2)no1,True,421.46100000000007,2.3174,1,9,3,114.16000000000001,114.31980000000004,31,4,False,derivative,True
CN(C)c1cc(-c2cc([C@]3(O)C[C@H]4CC[C@@H](C3)O4)nc3c2cnn3C2=NN=CC2)on1,True,421.46100000000007,2.3174,1,9,3,114.16000000000001,114.31980000000004,31,4,False,derivative,True
CN(C)c1cc(-c2ccc(-c3cc(C4([S@](C)(=N)=O)CC4)nc4c3cnn4C3=NN=CC3)cc2)[nH]n1,True,487.59300000000025,3.8561700000000014,2,8,5,128.26999999999998,138.5127999999999,35,3,False,derivative,True
CN(C)c1cc(-c2ccc(-c3cc(C4([S@](C)(=N)=O)CC4)nc4c3cnn4C3=NN=CC3)cc2)n[nH]1,True,487.59300000000025,3.8561700000000014,2,8,5,128.27,138.5127999999999,35,3,False,derivative,True
CN(C)c1cc(-c2ccc(-c3cc(C4([S@](C)(=N)=O)CC4)nc4c3cnn4C3=NN=CC3)cc2)no1,True,488.5770000000003,4.121070000000003,1,9,5,125.62,136.42809999999994,35,3,False,derivative,True
CN(C)c1cc(-c2ccc(-c3cc(C4([S@](C)(=N)=O)CC4)nc4c3cnn4C3=NN=CC3)cc2)on1,True,488.5770000000003,4.121070000000003,1,9,5,125.62,136.42809999999994,35,3,False,derivative,True
CN(C)c1cc(-c2ccc(-c3cc([C@]4(O)C[C@H]5CC[C@@H](C4)O5)nc4c3cnn4C3=NN=CC3)cc2)[nH]n1,True,496.57500000000016,3.719500000000002,2,8,4,116.81000000000002,141.84049999999988,37,3,False,derivative,True
CN(C)c1cc(-c2ccc(-c3cc([C@]4(O)C[C@H]5CC[C@@H](C4)O5)nc4c3cnn4C3=NN=CC3)cc2)n[nH]1,True,496.57500000000016,3.719500000000002,2,8,4,116.81,141.84049999999988,37,3,False,derivative,True
CN(C)c1cc(-c2ccc(-c3cc([C@]4(O)C[C@H]5CC[C@@H](C4)O5)nc4c3cnn4C3=NN=CC3)cc2)no1,True,497.5590000000002,3.9844000000000026,1,9,4,114.16000000000001,139.75579999999988,37,3,False,derivative,True
CN(C)c1cc(-c2ccc(-c3cc([C@]4(O)C[C@H]5CC[C@@H](C4)O5)nc4c3cnn4C3=NN=CC3)cc2)on1,True,497.5590000000002,3.9844000000000026,1,9,4,114.16000000000001,139.75579999999988,37,3,False,derivative,True
CN(C)c1cc(C2([S@](C)(=N)=O)CC2)nc2c1cnn2C1=NN=CC1,True,345.432,1.79907,1,7,3,99.59,95.49510000000004,24,4,False,derivative,True
CN(C)c1cc(N(C)C)nc(-c2cc(C3([S@](C)(=N)=O)CC3)nc3c2cnn3C2=NN=CC2)n1,True,466.5750000000002,2.32207,1,10,5,128.61,130.84810000000002,33,3,False,derivative,True
CN(C)c1cc(Nc2cc(C3([S@](C)(=N)=O)CC3)nc3c2cnn3C2=NN=CC2)no1,True,427.49400000000014,2.5306700000000006,2,10,5,137.65,115.28080000000003,30,3,False,derivative,True
CN(C)c1cc(Nc2cc(C3([S@](C)(=N)=O)CC3)nc3c2cnn3C2=NN=CC2)on1,True,427.49400000000014,2.5306700000000006,2,10,5,137.65,115.28080000000003,30,3,False,derivative,True
CN(C)c1cc(Nc2cc([C@]3(O)C[C@H]4CC[C@@H](C3)O4)nc3c2cnn3C2=NN=CC2)[nH]n1,True,435.4920000000001,2.1290999999999998,3,9,4,128.83999999999997,120.69320000000003,32,4,False,derivative,True
CN(C)c1cc(Nc2cc([C@]3(O)C[C@H]4CC[C@@H](C3)O4)nc3c2cnn3C2=NN=CC2)n[nH]1,True,435.4920000000001,2.1290999999999998,3,9,4,128.84,120.69320000000003,32,4,False,derivative,True
CN(C)c1cc(Nc2cc([C@]3(O)C[C@H]4CC[C@@H](C3)O4)nc3c2cnn3C2=NN=CC2)no1,True,436.4760000000001,2.394,2,10,4,126.19,118.60850000000003,32,4,False,derivative,True
CN(C)c1cc(Nc2cc([C@]3(O)C[C@H]4CC[C@@H](C3)O4)nc3c2cnn3C2=NN=CC2)on1,True,436.4760000000001,2.394,2,10,4,126.19,118.60850000000003,32,4,False,derivative,True
CN(C)c1cc(Oc2cc(C3([S@](C)(=N)=O)CC3)nc3c2cnn3C2=NN=CC2)[nH]n1,True,427.4940000000001,2.31447,2,9,5,137.5,114.15680000000003,30,3,False,derivative,True
CN(C)c1cc(Oc2cc(C3([S@](C)(=N)=O)CC3)nc3c2cnn3C2=NN=CC2)n[nH]1,True,427.4940000000001,2.31447,2,9,5,137.5,114.15680000000003,30,3,False,derivative,True
CN(C)c1cc(Oc2cc(C3([S@](C)(=N)=O)CC3)nc3c2cnn3C2=NN=CC2)no1,True,428.4780000000001,2.579370000000001,1,10,5,134.85,112.07210000000003,30,3,False,derivative,True
CN(C)c1cc(Oc2cc(C3([S@](C)(=N)=O)CC3)nc3c2cnn3C2=NN=CC2)on1,True,428.4780000000001,2.579370000000001,1,10,5,134.85,112.07210000000003,30,3,False,derivative,True
CN(C)c1cc([C@]2(O)C[C@H]3CC[C@@H](C2)O3)nc2c1cnn2C1=NN=CC1,True,354.41400000000004,1.6623999999999999,1,7,2,88.13000000000001,98.82280000000004,26,4,False,derivative,True
CN(C)c1ccc(-c2cc(-c3cc(C4([S@](C)(=N)=O)CC4)nc4c3cnn4C3=NN=CC3)[nH]n2)cc1,True,487.59300000000025,3.8561700000000023,2,8,5,128.26999999999998,138.5127999999999,35,3,False,derivative,True
CN(C)c1ccc(-c2cc(-c3cc(C4([S@](C)(=N)=O)CC4)nc4c3cnn4C3=NN=CC3)n[nH]2)cc1,True,487.59300000000025,3.8561700000000023,2,8,5,128.27,138.5127999999999,35,3,False,derivative,True
CN(C)c1ccc(-c2cc(-c3cc(C4([S@](C)(=N)=O)CC4)nc4c3cnn4C3=NN=CC3)no2)cc1,True,488.5770000000003,4.121070000000003,1,9,5,125.62,136.42809999999992,35,3,False,derivative,True
CN(C)c1ccc(-c2cc(-c3cc(C4([S@](C)(=N)=O)CC4)nc4c3cnn4C3=NN=CC3)on2)cc1,True,488.5770000000003,4.121070000000003,1,9,5,125.62,136.42809999999992,35,3,False,derivative,True
CN(C)c1ccc(-c2cc(-c3cc(N(C)C)c4cnn(C5=NN=CC5)c4n3)nc3c2cnn3C2=NN=CC2)cc1,True,530.6000000000003,3.914200000000003,0,10,4,117.34,160.0239999999997,40,3,False,derivative,True
CN(C)c1ccc(-c2cc(-c3cc([C@]4(O)C[C@H]5CC[C@@H](C4)O5)nc4c3cnn4C3=NN=CC3)[nH]n2)cc1,True,496.57500000000016,3.719500000000002,2,8,4,116.81000000000002,141.84049999999988,37,3,False,derivative,True
CN(C)c1ccc(-c2cc(-c3cc([C@]4(O)C[C@H]5CC[C@@H](C4)O5)nc4c3cnn4C3=NN=CC3)n[nH]2)cc1,True,496.57500000000016,3.719500000000002,2,8,4,116.81,141.84049999999988,37,3,False,derivative,True
CN(C)c1ccc(-c2cc(-c3cc([C@]4(O)C[C@H]5CC[C@@H](C4)O5)nc4c3cnn4C3=NN=CC3)no2)cc1,True,497.5590000000002,3.9844000000000026,1,9,4,114.16000000000001,139.75579999999988,37,3,False,derivative,True
CN(C)c1ccc(-c2cc(-c3cc([C@]4(O)C[C@H]5CC[C@@H](C4)O5)nc4c3cnn4C3=NN=CC3)on2)cc1,True,497.5590000000002,3.9844000000000026,1,9,4,114.16000000000001,139.75579999999988,37,3,False,derivative,True
CN(C)c1ccc(-c2cc(C3([S@](C)(=N)=O)CC3)nc3c2cnn3C2=NN=CC2)cc1,True,421.5300000000001,3.466070000000002,1,7,4,99.59,120.93110000000003,30,4,False,derivative,True
CN(C)c1ccc(-c2cc([C@]3(O)C[C@H]4CC[C@@H](C3)O4)nc3c2cnn3C2=NN=CC2)cc1,True,430.5120000000001,3.3294000000000024,1,7,3,88.13000000000001,124.25880000000004,32,4,False,derivative,True
CN(C)c1ccc(-c2ccc(-c3cc(C4([S@](C)(=N)=O)CC4)nc4c3cnn4C3=NN=CC3)cc2)cc1,True,497.62800000000027,5.1330700000000045,1,7,5,99.59,146.36709999999982,36,3,False,derivative,True
CN(C)c1ccc(-c2ccc(-c3cc([C@]4(O)C[C@H]5CC[C@@H](C4)O5)nc4c3cnn4C3=NN=CC3)cc2)cc1,True,506.61000000000024,4.996400000000004,1,7,4,88.13000000000001,149.69479999999976,38,3,False,derivative,True
CN(C)c1ccc(-c2cnc(N)c(-c3cc([C@]4(O)C[C@H]5CC[C@@H](C4)O5)nc4c3cnn4C3=NN=CC3)n2)cc1,True,523.6010000000002,3.3686000000000016,2,10,4,139.93,149.6971999999998,39,2,False,derivative,False
CN(C)c1ccc(-c2nc(-c3cc([C@]4(O)C[C@H]5CC[C@@H](C4)O5)nc4c3cnn4C3=NN=CC3)cnc2N)cc1,True,523.6010000000002,3.3686000000000007,2,10,4,139.93,149.6971999999998,39,2,False,derivative,False
CN(C)c1ccc(Oc2cc(C3([S@](C)(=N)=O)CC3)nc3c2cnn3C2=NN=CC2)cc1,True,437.52900000000017,3.591370000000002,1,8,5,108.82,122.01110000000003,31,4,False,derivative,True
CN(C)c1cccc(-c2cc(C3([S@](C)(=N)=O)CC3)nc3c2cnn3C2=NN=CC2)c1N(C)C,True,464.5990000000002,3.5320700000000027,1,8,5,102.83,135.25809999999996,33,3,False,derivative,True
CN(C)c1cccc(-c2cc(C3([S@](C)(=N)=O)CC3)nc3c2cnn3C2=NN=CC2)c1[C@]1(O)C[C@H]2CC[C@@H](C1)O2,True,547.6850000000003,3.995070000000003,2,9,5,129.05,151.9568999999998,39,3,False,derivative,True
CN(C)c1cccc(-c2cc([C@]3(O)C[C@H]4CC[C@@H](C3)O4)nc3c2cnn3C2=NN=CC2)c1-c1cnc(C#N)cn1,True,533.5960000000002,3.6580800000000027,1,10,4,137.7,149.99979999999977,40,2,False,derivative,False
CN(C)c1cccc(-c2cc([C@]3(O)C[C@H]4CC[C@@H](C3)O4)nc3c2cnn3C2=NN=CC2)c1-c1cncc2[nH]ccc12,True,546.6350000000002,4.872700000000004,2,8,4,116.81,159.34649999999968,41,3,False,derivative,True
CN(C)c1cccc(-c2cc([C@]3(O)C[C@H]4CC[C@@H](C3)O4)nc3c2cnn3C2=NN=CC2)c1C1([S@](C)(=N)=O)CC1,True,547.6850000000001,3.995070000000003,2,9,5,129.05,151.9568999999998,39,3,False,derivative,True
CN(C)c1cccc(-c2cc([C@]3(O)C[C@H]4CC[C@@H](C3)O4)nc3c2cnn3C2=NN=CC2)c1N(C)C,True,473.5810000000002,3.395400000000002,1,8,4,91.37,138.58579999999992,35,3,False,derivative,True
CN(C)c1cccc(-c2cc([C@]3(O)C[C@H]4CC[C@@H](C3)O4)nc3c2cnn3C2=NN=CC2)c1[C@]1(O)C[C@H]2CC[C@@H](C1)O2,True,556.6670000000003,3.858400000000003,2,9,4,117.59000000000002,155.28459999999973,41,3,False,derivative,True
CN(C)c1cccc(-c2cnc(C#N)cn2)c1-c1cc(-c2cncc3[nH]ccc23)c2cnn(C3=NN=CC3)c2n1,True,523.5640000000002,4.672380000000004,1,9,4,136.92000000000002,154.06169999999975,40,2,False,derivative,False
CN(C)c1cccc(-c2cnc(C#N)cn2)c1-c1cc(-c2cncc3[nH]ccc23)nc2c1cnn2C1=NN=CC1,True,523.5640000000002,4.672380000000004,1,9,4,136.92000000000002,154.06169999999972,40,2,False,derivative,False
CN(C)c1cccc(-c2cnc(C#N)cn2)c1-c1cc(N(C)C)c2cnn(C3=NN=CC3)c2n1,True,450.5100000000002,3.195080000000001,0,9,4,111.48,133.30099999999996,34,3,False,derivative,True
CN(C)c1cccc(-c2cnc(C#N)cn2)c1-c1cc([C@]2(O)C[C@H]3CC[C@@H](C2)O3)c2cnn(C3=NN=CC3)c2n1,True,533.5960000000003,3.6580800000000018,1,10,4,137.7,149.99979999999977,40,2,False,derivative,False
CN(C)c1cccc(-c2cnc(C#N)cn2)c1-c1cc([C@]2(O)C[C@H]3CC[C@@H](C2)O3)nc2c1cnn2C1=NN=CC1,True,533.5960000000003,3.6580800000000018,1,10,4,137.70000000000002,149.99979999999977,40,2,False,derivative,False
CN(C)c1cccc(-c2cncc3[nH]ccc23)c1-c1cc(-c2cnc(C#N)cn2)c2cnn(C3=NN=CC3)c2n1,True,523.5640000000002,4.672380000000005,1,9,4,136.92000000000002,154.06169999999975,40,2,False,derivative,False
CN(C)c1cccc(-c2cncc3[nH]ccc23)c1-c1cc(-c2cnc(C#N)cn2)nc2c1cnn2C1=NN=CC1,True,523.5640000000002,4.672380000000005,1,9,4,136.92,154.06169999999972,40,2,False,derivative,False
CN(C)c1cccc(-c2cncc3[nH]ccc23)c1-c1cc(N(C)C)c2cnn(C3=NN=CC3)c2n1,True,463.5490000000002,4.4097000000000035,1,7,4,90.59,142.64769999999987,35,3,False,derivative,True
CN(C)c1cccc(-c2cncc3[nH]ccc23)c1-c1cc([C@]2(O)C[C@H]3CC[C@@H](C2)O3)c2cnn(C3=NN=CC3)c2n1,True,546.6350000000002,4.8727000000000045,2,8,4,116.81000000000002,159.34649999999968,41,3,False,derivative,True
CN(C)c1cccc(-c2cncc3[nH]ccc23)c1-c1cc([C@]2(O)C[C@H]3CC[C@@H](C2)O3)nc2c1cnn2C1=NN=CC1,True,546.6350000000002,4.8727000000000045,2,8,4,116.81,159.34649999999968,41,3,False,derivative,True
CN(C)c1cccc(C2([S@](C)(=N)=O)CC2)c1-c1cc(N(C)C)c2cnn(C3=NN=CC3)c2n1,True,464.59900000000016,3.5320700000000027,1,8,5,102.83,135.25809999999996,33,3,False,derivative,True
CN(C)c1cccc(C2([S@](C)(=N)=O)CC2)c1-c1cc([C@]2(O)C[C@H]3CC[C@@H](C2)O3)c2cnn(C3=NN=CC3)c2n1,True,547.6850000000002,3.9950700000000037,2,9,5,129.05,151.9568999999998,39,3,False,derivative,True
CN(C)c1cccc(C2([S@](C)(=N)=O)CC2)c1-c1cc([C@]2(O)C[C@H]3CC[C@@H](C2)O3)nc2c1cnn2C1=NN=CC1,True,547.6850000000002,3.9950700000000037,2,9,5,129.05,151.9568999999998,39,3,False,derivative,True
CN(C)c1cccc(N(C)C)c1-c1cc(-c2cnc(C#N)cn2)c2cnn(C3=NN=CC3)c2n1,True,450.51000000000016,3.195080000000001,0,9,4,111.48,133.30099999999996,34,3,False,derivative,True
CN(C)c1cccc(N(C)C)c1-c1cc(-c2cnc(C#N)cn2)nc2c1cnn2C1=NN=CC1,True,450.51000000000016,3.195080000000001,0,9,4,111.47999999999999,133.30099999999996,34,3,False,derivative,True
CN(C)c1cccc(N(C)C)c1-c1cc(-c2cncc3[nH]ccc23)c2cnn(C3=NN=CC3)c2n1,True,463.54900000000015,4.4097000000000035,1,7,4,90.59,142.64769999999987,35,3,False,derivative,True
CN(C)c1cccc(N(C)C)c1-c1cc(-c2cncc3[nH]ccc23)nc2c1cnn2C1=NN=CC1,True,463.54900000000015,4.4097000000000035,1,7,4,90.59,142.64769999999987,35,3,False,derivative,True
CN(C)c1cccc(N(C)C)c1-c1cc(C2([S@](C)(=N)=O)CC2)c2cnn(C3=NN=CC3)c2n1,True,464.5990000000002,3.532070000000002,1,8,5,102.83,135.25809999999996,33,3,False,derivative,True
CN(C)c1cccc(N(C)C)c1-c1cc(C2([S@](C)(=N)=O)CC2)nc2c1cnn2C1=NN=CC1,True,464.5990000000002,3.532070000000002,1,8,5,102.83000000000001,135.25809999999996,33,3,False,derivative,True
CN(C)c1cccc(N(C)C)c1-c1cc(N(C)C)c2cnn(C3=NN=CC3)c2n1,True,390.4950000000001,2.9324000000000012,0,7,4,65.15,121.88700000000006,29,4,False,derivative,True
CN(C)c1cccc(N(C)C)c1-c1cc([C@]2(O)C[C@H]3CC[C@@H](C2)O3)c2cnn(C3=NN=CC3)c2n1,True,473.58100000000024,3.395400000000002,1,8,4,91.37,138.5857999999999,35,3,False,derivative,True
CN(C)c1cccc(N(C)C)c1-c1cc([C@]2(O)C[C@H]3CC[C@@H](C2)O3)nc2c1cnn2C1=NN=CC1,True,473.58100000000024,3.395400000000002,1,8,4,91.37,138.5857999999999,35,3,False,derivative,True
CN(C)c1cccc([C@]2(O)C[C@H]3CC[C@@H](C2)O3)c1-c1cc(-c2cnc(C#N)cn2)c2cnn(C3=NN=CC3)c2n1,True,533.5960000000001,3.6580800000000018,1,10,4,137.7,149.99979999999977,40,2,False,derivative,False
CN(C)c1cccc([C@]2(O)C[C@H]3CC[C@@H](C2)O3)c1-c1cc(-c2cnc(C#N)cn2)nc2c1cnn2C1=NN=CC1,True,533.5960000000001,3.6580800000000018,1,10,4,137.7,149.99979999999977,40,2,False,derivative,False
CN(C)c1cccc([C@]2(O)C[C@H]3CC[C@@H](C2)O3)c1-c1cc(-c2cncc3[nH]ccc23)c2cnn(C3=NN=CC3)c2n1,True,546.635,4.872700000000004,2,8,4,116.81000000000002,159.34649999999968,41,3,False,derivative,True
CN(C)c1cccc([C@]2(O)C[C@H]3CC[C@@H](C2)O3)c1-c1cc(-c2cncc3[nH]ccc23)nc2c1cnn2C1=NN=CC1,True,546.6350000000001,4.872700000000004,2,8,4,116.81,159.34649999999968,41,3,False,derivative,True
CN(C)c1cccc([C@]2(O)C[C@H]3CC[C@@H](C2)O3)c1-c1cc(C2([S@](C)(=N)=O)CC2)c2cnn(C3=NN=CC3)c2n1,True,547.6850000000001,3.995070000000003,2,9,5,129.05,151.95689999999976,39,3,False,derivative,True
CN(C)c1cccc([C@]2(O)C[C@H]3CC[C@@H](C2)O3)c1-c1cc(C2([S@](C)(=N)=O)CC2)nc2c1cnn2C1=NN=CC1,True,547.6850000000002,3.995070000000003,2,9,5,129.05,151.95689999999976,39,3,False,derivative,True
CN(C)c1cccc([C@]2(O)C[C@H]3CC[C@@H](C2)O3)c1-c1cc(N(C)C)c2cnn(C3=NN=CC3)c2n1,True,473.5810000000002,3.395400000000002,1,8,4,91.37,138.58579999999992,35,3,False,derivative,True
CN(C)c1cccc([C@]2(O)C[C@H]3CC[C@@H](C2)O3)c1-c1cc([C@]2(O)C[C@H]3CC[C@@H](C2)O3)c2cnn(C3=NN=CC3)c2n1,True,556.6670000000001,3.858400000000003,2,9,4,117.59000000000002,155.28459999999973,41,3,False,derivative,True
CN(C)c1cccc([C@]2(O)C[C@H]3CC[C@@H](C2)O3)c1-c1cc([C@]2(O)C[C@H]3CC[C@@H](C2)O3)nc2c1cnn2C1=NN=CC1,True,556.6670000000001,3.858400000000003,2,9,4,117.59,155.28459999999973,41,3,False,derivative,True
CN(C)c1cnc(N)c(-c2cc([C@]3(O)C[C@H]4CC[C@@H](C3)O4)nc3c2cnn3C2=NN=CC2)n1,True,447.50300000000016,1.7016,2,10,3,139.93,124.26120000000004,33,3,False,derivative,True
CN(C)c1cnc(N)c(-c2ccc(-c3cc([C@]4(O)C[C@H]5CC[C@@H](C4)O5)nc4c3cnn4C3=NN=CC3)cc2)n1,True,523.6010000000002,3.3686000000000025,2,10,4,139.93,149.69719999999978,39,2,False,derivative,False
CN(C)c1nc(-c2cc([C@]3(O)C[C@H]4CC[C@@H](C3)O4)nc3c2cnn3C2=NN=CC2)cnc1N,True,447.50300000000016,1.7015999999999996,2,10,3,139.93,124.26120000000004,33,3,False,derivative,True
CN(C)c1nc(-c2ccc(-c3cc([C@]4(O)C[C@H]5CC[C@@H](C4)O5)nc4c3cnn4C3=NN=CC3)cc2)cnc1N,True,523.6010000000001,3.3686000000000007,2,10,4,139.93,149.6971999999998,39,2,False,derivative,False
CNC[C@@H](C)Nc1cc(C2([S@](C)(=N)=O)CC2)nc2c1cnn2C1=NN=CC1,True,388.5010000000001,1.7528699999999995,3,8,6,120.41,108.17950000000005,27,4,False,derivative,True
CNC[C@@H](C)Nc1cc([C@]2(O)C[C@H]3CC[C@@H](C2)O3)nc2c1cnn2C1=NN=CC1,True,397.48300000000006,1.6161999999999999,3,8,5,108.94999999999999,111.50720000000005,29,4,False,derivative,True
CNC[C@@H](C)Oc1cc(C2([S@](C)(=N)=O)CC2)nc2c1cnn2C1=NN=CC1,True,389.4850000000001,1.7197699999999998,2,8,6,117.60999999999999,105.18480000000004,27,4,False,derivative,True
CNCc1cc(-c2cc(C3([S@](C)(=N)=O)CC3)nc3c2cnn3C2=NN=CC2)[nH]n1,True,411.49500000000006,1.8425699999999996,3,8,5,137.06,111.51350000000004,29,3,False,derivative,True
CNCc1cc(-c2cc(C3([S@](C)(=N)=O)CC3)nc3c2cnn3C2=NN=CC2)n[nH]1,True,411.49500000000006,1.8425699999999996,3,8,5,137.06,111.51350000000004,29,3,False,derivative,True
CNCc1cc(-c2cc(C3([S@](C)(=N)=O)CC3)nc3c2cnn3C2=NN=CC2)no1,True,412.4790000000001,2.1074699999999997,2,9,5,134.41,109.42880000000004,29,3,False,derivative,True
CNCc1cc(-c2cc(C3([S@](C)(=N)=O)CC3)nc3c2cnn3C2=NN=CC2)on1,True,412.4790000000001,2.1074699999999997,2,9,5,134.41,109.42880000000004,29,3,False,derivative,True
CNCc1cc(-c2cc(N(C)C)c3cnn(C4=NN=CC4)c3n2)nc2c1cnn2C1=NN=CC1,True,454.5020000000002,1.9005999999999998,1,10,4,126.13,133.02469999999997,34,3,False,derivative,True
CNCc1cc(-c2cc(NC)c3cnn(C4=NN=CC4)c3n2)nc2c1cnn2C1=NN=CC1,True,440.4750000000002,1.8762999999999996,2,10,4,134.92,128.2444,33,3,False,derivative,True
CNCc1cc(-c2cc(OC)c3cnn(C4=NN=CC4)c3n2)nc2c1cnn2C1=NN=CC1,True,441.4590000000002,1.8431999999999997,1,10,4,132.12,125.24970000000002,33,3,False,derivative,True
CNCc1cc(-c2cc([C@]3(O)C[C@H]4CC[C@@H](C3)O4)nc3c2cnn3C2=NN=CC2)[nH]n1,True,420.47700000000003,1.7058999999999995,3,8,4,125.59999999999998,114.84120000000006,31,4,False,derivative,True
CNCc1cc(-c2cc([C@]3(O)C[C@H]4CC[C@@H](C3)O4)nc3c2cnn3C2=NN=CC2)n[nH]1,True,420.47700000000003,1.7058999999999995,3,8,4,125.6,114.84120000000006,31,4,False,derivative,True
CNCc1cc(-c2cc([C@]3(O)C[C@H]4CC[C@@H](C3)O4)nc3c2cnn3C2=NN=CC2)no1,True,421.46100000000007,1.9707999999999997,2,9,4,122.94999999999999,112.75650000000006,31,4,False,derivative,True
CNCc1cc(-c2cc([C@]3(O)C[C@H]4CC[C@@H](C3)O4)nc3c2cnn3C2=NN=CC2)on1,True,421.46100000000007,1.9707999999999997,2,9,4,122.94999999999999,112.75650000000006,31,4,False,derivative,True
CNCc1cc(C2([S@](C)(=N)=O)CC2)nc2c1cnn2C1=NN=CC1,True,345.432,1.4524699999999997,2,7,4,108.38,93.93180000000002,24,4,False,derivative,True
CNCc1ccc(-c2cc(C3([S@](C)(=N)=O)CC3)nc3c2cnn3C2=NN=CC2)cc1,True,421.5300000000001,3.1194700000000015,2,7,5,108.38,119.36780000000003,30,4,False,derivative,True
CNCc1ccc(-c2cc([C@]3(O)C[C@H]4CC[C@@H](C3)O4)nc3c2cnn3C2=NN=CC2)cc1,True,430.5120000000001,2.982800000000001,2,7,4,96.91999999999999,122.69550000000004,32,4,False,derivative,True
CN[C@H](C)CNc1cc(C2([S@](C)(=N)=O)CC2)nc2c1cnn2C1=NN=CC1,True,388.5010000000001,1.7528699999999995,3,8,6,120.41,108.17950000000005,27,4,False,derivative,True
CN[C@H](C)CNc1cc([C@]2(O)C[C@H]3CC[C@@H](C2)O3)nc2c1cnn2C1=NN=CC1,True,397.48300000000006,1.6161999999999999,3,8,5,108.94999999999999,111.50720000000005,29,4,False,derivative,True
CN[C@H](C)COc1cc(C2([S@](C)(=N)=O)CC2)nc2c1cnn2C1=NN=CC1,True,389.4850000000001,1.7197699999999998,2,8,6,117.60999999999999,105.18480000000004,27,4,False,derivative,True
CNc1c(-c2cc(C3([S@](C)(=N)=O)CC3)nc3c2cnn3C2=NN=CC2)cccc1N(C)C,True,450.5720000000001,3.5077700000000025,2,8,5,111.61999999999999,130.4778,32,3,False,derivative,True
CNc1c(-c2cc(C3([S@](C)(=N)=O)CC3)nc3c2cnn3C2=NN=CC2)cccc1N1CCOC[C@H]1C,True,506.63600000000025,3.666870000000003,2,9,5,120.85,143.77779999999984,36,3,False,derivative,True
CNc1c(-c2cc(C3([S@](C)(=N)=O)CC3)nc3c2cnn3C2=NN=CC2)cccc1[C@]1(O)C[C@H]2CC[C@@H](C1)O2,True,533.6580000000002,3.9707700000000035,3,9,5,137.83999999999997,147.1765999999998,38,2,False,derivative,False
CNc1c(-c2cc([C@]3(O)C[C@H]4CC[C@@H](C3)O4)nc3c2cnn3C2=NN=CC2)cccc1C1([S@](C)(=N)=O)CC1,True,533.658,3.9707700000000026,3,9,5,137.83999999999997,147.1765999999998,38,2,False,derivative,False
CNc1c(-c2cc([C@]3(O)C[C@H]4CC[C@@H](C3)O4)nc3c2cnn3C2=NN=CC2)cccc1N(C)C,True,459.55400000000014,3.371100000000002,2,8,4,100.15999999999998,133.80549999999997,34,3,False,derivative,True
CNc1c(-c2cc([C@]3(O)C[C@H]4CC[C@@H](C3)O4)nc3c2cnn3C2=NN=CC2)cccc1N1CCOC[C@H]1C,True,515.6180000000003,3.5302000000000024,2,9,4,109.38999999999999,147.10549999999978,38,3,False,derivative,True
CNc1c(-c2cc([C@]3(O)C[C@H]4CC[C@@H](C3)O4)nc3c2cnn3C2=NN=CC2)cccc1[C@]1(O)C[C@H]2CC[C@@H](C1)O2,True,542.6400000000002,3.834100000000003,3,9,4,126.38,150.50429999999977,40,3,False,derivative,True
CNc1c(-c2cncc3[nH]ccc23)cccc1-c1cc(C2([S@](C)(=N)=O)CC2)nc2c1cnn2C1=NN=CC1,True,523.6260000000002,4.985070000000004,3,8,5,137.06,151.23849999999982,38,2,False,derivative,False
CNc1c(-c2cncc3[nH]ccc23)cccc1-c1cc([C@]2(O)C[C@H]3CC[C@@H](C2)O3)nc2c1cnn2C1=NN=CC1,True,532.6080000000003,4.848400000000004,3,8,4,125.6,154.56619999999975,40,3,False,derivative,True
CNc1c(OC)cccc1-c1cc(C2([S@](C)(=N)=O)CC2)nc2c1cnn2C1=NN=CC1,True,437.5290000000002,3.450370000000002,2,8,5,117.60999999999999,122.70280000000005,31,4,False,derivative,True
CNc1c(OC)cccc1-c1cc([C@]2(O)C[C@H]3CC[C@@H](C2)O3)nc2c1cnn2C1=NN=CC1,True,446.5110000000002,3.3137000000000016,2,8,4,106.15,126.03050000000006,33,4,False,derivative,True
CNc1cc(-c2c(-c3ccc(S(=O)(=O)C(C)C)cc3)cccc2N(C)C)c2cnn(C3=NN=CC3)c2n1,True,515.6430000000003,4.691200000000004,1,8,6,104.84,150.53749999999977,37,3,False,derivative,True
CNc1cc(-c2c(-c3ccc(S(=O)(=O)C(C)C)cc3)cccc2N(C)C)nc2c1cnn2C1=NN=CC1,True,515.6430000000001,4.691200000000004,1,8,6,104.84,150.53749999999977,37,3,False,derivative,True
CNc1cc(-c2c(-c3ccc(S(=O)(=O)C(C)C)cc3)cccc2N2CCOC[C@H]2C)c2cnn(C3=NN=CC3)c2n1,True,571.7070000000001,4.850300000000004,1,9,6,114.07000000000001,163.83749999999964,41,3,False,derivative,True
CNc1cc(-c2c(-c3ccc(S(=O)(=O)C(C)C)cc3)cccc2N2CCOC[C@H]2C)nc2c1cnn2C1=NN=CC1,True,571.7070000000001,4.850300000000004,1,9,6,114.07,163.8374999999996,41,3,False,derivative,True
CNc1cc(-c2c(-c3cnc(C#N)cn3)cccc2N(C)C)c2cnn(C3=NN=CC3)c2n1,True,436.4830000000002,3.1707800000000015,1,9,4,120.27,128.52070000000003,33,4,False,derivative,True
CNc1cc(-c2c(-c3cnc(C#N)cn3)cccc2N(C)C)nc2c1cnn2C1=NN=CC1,True,436.4830000000002,3.1707800000000015,1,9,4,120.27000000000001,128.52070000000003,33,4,False,derivative,True
CNc1cc(-c2c(-c3cnc(C#N)cn3)cccc2N2CCOC[C@H]2C)c2cnn(C3=NN=CC3)c2n1,True,492.5470000000003,3.329880000000002,1,10,4,129.5,141.82069999999985,37,3,False,derivative,True
CNc1cc(-c2c(-c3cnc(C#N)cn3)cccc2N2CCOC[C@H]2C)nc2c1cnn2C1=NN=CC1,True,492.5470000000003,3.329880000000002,1,10,4,129.5,141.82069999999985,37,3,False,derivative,True
CNc1cc(-c2c(-c3cncc4[nH]ccc34)cccc2C2([S@](C)(=N)=O)CC2)c2cnn(C3=NN=CC3)c2n1,True,523.6260000000003,4.985070000000004,3,8,5,137.06,151.2384999999998,38,2,False,derivative,False
CNc1cc(-c2c(-c3cncc4[nH]ccc34)cccc2C2([S@](C)(=N)=O)CC2)nc2c1cnn2C1=NN=CC1,True,523.6260000000002,4.985070000000004,3,8,5,137.06,151.2384999999998,38,2,False,derivative,False
CNc1cc(-c2c(-c3cncc4[nH]ccc34)cccc2N(C)C)c2cnn(C3=NN=CC3)c2n1,True,449.5220000000002,4.385400000000003,2,7,4,99.38,137.86739999999992,34,3,False,derivative,True
CNc1cc(-c2c(-c3cncc4[nH]ccc34)cccc2N(C)C)nc2c1cnn2C1=NN=CC1,True,449.5220000000002,4.385400000000003,2,7,4,99.38,137.86739999999992,34,3,False,derivative,True
CNc1cc(-c2c(-c3cncc4[nH]ccc34)cccc2N2CCOC[C@H]2C)c2cnn(C3=NN=CC3)c2n1,True,505.58600000000035,4.544500000000004,2,8,4,108.61,151.16739999999976,38,3,False,derivative,True
CNc1cc(-c2c(-c3cncc4[nH]ccc34)cccc2N2CCOC[C@H]2C)nc2c1cnn2C1=NN=CC1,True,505.58600000000035,4.544500000000004,2,8,4,108.61000000000001,151.16739999999976,38,3,False,derivative,True
CNc1cc(-c2c(-c3cncc4[nH]ccc34)cccc2[C@]2(O)C[C@H]3CC[C@@H](C2)O3)c2cnn(C3=NN=CC3)c2n1,True,532.6080000000003,4.848400000000004,3,8,4,125.60000000000001,154.56619999999975,40,3,False,derivative,True
CNc1cc(-c2c(-c3cncc4[nH]ccc34)cccc2[C@]2(O)C[C@H]3CC[C@@H](C2)O3)nc2c1cnn2C1=NN=CC1,True,532.6080000000003,4.848400000000004,3,8,4,125.6,154.56619999999975,40,3,False,derivative,True
CNc1cc(-c2c(C3([S@](C)(=N)=O)CC3)cccc2[C@]2(O)C[C@H]3CC[C@@H](C2)O3)c2cnn(C3=NN=CC3)c2n1,True,533.6580000000004,3.9707700000000035,3,9,5,137.84000000000003,147.1765999999998,38,2,False,derivative,False
CNc1cc(-c2c(C3([S@](C)(=N)=O)CC3)cccc2[C@]2(O)C[C@H]3CC[C@@H](C2)O3)nc2c1cnn2C1=NN=CC1,True,533.6580000000004,3.9707700000000035,3,9,5,137.84,147.1765999999998,38,2,False,derivative,False
CNc1cc(-c2c(N(C)C)cccc2C2([S@](C)(=N)=O)CC2)c2cnn(C3=NN=CC3)c2n1,True,450.57200000000023,3.5077700000000016,2,8,5,111.62000000000002,130.47780000000003,32,3,False,derivative,True
CNc1cc(-c2c(N(C)C)cccc2C2([S@](C)(=N)=O)CC2)nc2c1cnn2C1=NN=CC1,True,450.57200000000023,3.5077700000000016,2,8,5,111.62,130.47780000000003,32,3,False,derivative,True
CNc1cc(-c2c(N(C)C)cccc2N(C)C)c2cnn(C3=NN=CC3)c2n1,True,376.46800000000013,2.908100000000001,1,7,4,73.94,117.10670000000006,28,4,False,derivative,True
CNc1cc(-c2c(N(C)C)cccc2N(C)C)nc2c1cnn2C1=NN=CC1,True,376.46800000000013,2.908100000000001,1,7,4,73.94,117.10670000000005,28,4,False,derivative,True
CNc1cc(-c2c(N(C)C)cccc2N2CCOC[C@H]2C)c2cnn(C3=NN=CC3)c2n1,True,432.5320000000002,3.0672000000000015,1,8,4,83.17,130.40670000000003,32,3,False,derivative,True
CNc1cc(-c2c(N(C)C)cccc2N2CCOC[C@H]2C)nc2c1cnn2C1=NN=CC1,True,432.5320000000002,3.0672000000000015,1,8,4,83.17,130.40670000000003,32,3,False,derivative,True
CNc1cc(-c2c(N(C)C)cccc2[C@]2(O)C[C@H]3CC[C@@H](C2)O3)c2cnn(C3=NN=CC3)c2n1,True,459.55400000000026,3.371100000000002,2,8,4,100.16,133.80549999999997,34,3,False,derivative,True
CNc1cc(-c2c(N(C)C)cccc2[C@]2(O)C[C@H]3CC[C@@H](C2)O3)nc2c1cnn2C1=NN=CC1,True,459.55400000000026,3.371100000000002,2,8,4,100.16,133.80549999999997,34,3,False,derivative,True
CNc1cc(-c2c(N3CCOC[C@H]3C)cccc2C2([S@](C)(=N)=O)CC2)c2cnn(C3=NN=CC3)c2n1,True,506.63600000000025,3.666870000000002,2,9,5,120.85000000000001,143.77779999999987,36,3,False,derivative,True
CNc1cc(-c2c(N3CCOC[C@H]3C)cccc2C2([S@](C)(=N)=O)CC2)nc2c1cnn2C1=NN=CC1,True,506.63600000000025,3.666870000000002,2,9,5,120.85,143.77779999999987,36,3,False,derivative,True
CNc1cc(-c2c(N3CCOC[C@H]3C)cccc2N2CCOC[C@H]2C)c2cnn(C3=NN=CC3)c2n1,True,488.59600000000034,3.226300000000002,1,9,4,92.4,143.70669999999987,36,3,False,derivative,True
CNc1cc(-c2c(N3CCOC[C@H]3C)cccc2N2CCOC[C@H]2C)nc2c1cnn2C1=NN=CC1,True,488.59600000000034,3.226300000000002,1,9,4,92.4,143.70669999999987,36,3,False,derivative,True
CNc1cc(-c2c(N3CCOC[C@H]3C)cccc2[C@]2(O)C[C@H]3CC[C@@H](C2)O3)c2cnn(C3=NN=CC3)c2n1,True,515.6180000000003,3.5302000000000024,2,9,4,109.39,147.10549999999984,38,3,False,derivative,True
CNc1cc(-c2c(N3CCOC[C@H]3C)cccc2[C@]2(O)C[C@H]3CC[C@@H](C2)O3)nc2c1cnn2C1=NN=CC1,True,515.6180000000003,3.5302000000000024,2,9,4,109.39000000000001,147.10549999999984,38,3,False,derivative,True
CNc1cc(-c2c(NC)cccc2-c2ccc(S(=O)(=O)C(C)C)cc2)c2cnn(C3=NN=CC3)c2n1,True,501.61600000000027,4.666900000000004,2,8,6,113.63000000000001,145.75719999999978,36,3,False,derivative,True
CNc1cc(-c2c(NC)cccc2-c2cnc(C#N)cn2)c2cnn(C3=NN=CC3)c2n1,True,422.4560000000002,3.1464800000000013,2,9,4,129.06,123.74040000000002,32,4,False,derivative,True
CNc1cc(-c2c(NC)cccc2-c2cncc3[nH]ccc23)c2cnn(C3=NN=CC3)c2n1,True,435.49500000000023,4.361100000000002,3,7,4,108.17,133.08709999999996,33,3,False,derivative,True
CNc1cc(-c2c(NC)cccc2C2([S@](C)(=N)=O)CC2)c2cnn(C3=NN=CC3)c2n1,True,436.5450000000003,3.4834700000000023,3,8,5,120.40999999999998,125.69750000000003,31,4,False,derivative,True
CNc1cc(-c2c(NC)cccc2N(C)C)c2cnn(C3=NN=CC3)c2n1,True,362.44100000000014,2.883800000000001,2,7,4,82.73,112.32640000000005,27,4,False,derivative,True
CNc1cc(-c2c(NC)cccc2N2CCOC[C@H]2C)c2cnn(C3=NN=CC3)c2n1,True,418.50500000000017,3.0429000000000013,2,8,4,91.96000000000001,125.62640000000005,31,4,False,derivative,True
CNc1cc(-c2c(NC)cccc2NC)c2cnn(C3=NN=CC3)c2n1,True,348.41400000000016,2.8595000000000006,3,7,4,91.52,107.54610000000002,26,4,False,derivative,True
CNc1cc(-c2c(NC)cccc2OC)c2cnn(C3=NN=CC3)c2n1,True,349.39800000000014,2.8264000000000005,2,7,4,88.72,104.55140000000003,26,4,False,derivative,True
CNc1cc(-c2c(NC)cccc2[C@]2(O)C[C@H]3CC[C@@H](C2)O3)c2cnn(C3=NN=CC3)c2n1,True,445.5270000000002,3.3468000000000018,3,8,4,108.95,129.02520000000004,33,4,False,derivative,True
CNc1cc(-c2c(OC)cccc2-c2ccc(S(=O)(=O)C(C)C)cc2)c2cnn(C3=NN=CC3)c2n1,True,502.60000000000025,4.633800000000004,1,8,6,110.83,142.76249999999985,36,3,False,derivative,True
CNc1cc(-c2c(OC)cccc2-c2ccc(S(=O)(=O)C(C)C)cc2)nc2c1cnn2C1=NN=CC1,True,502.60000000000025,4.633800000000004,1,8,6,110.82999999999998,142.76249999999985,36,3,False,derivative,True
CNc1cc(-c2c(OC)cccc2-c2cnc(C#N)cn2)c2cnn(C3=NN=CC3)c2n1,True,423.44000000000017,3.113380000000001,1,9,4,126.26,120.74570000000003,32,4,False,derivative,True
CNc1cc(-c2c(OC)cccc2-c2cnc(C#N)cn2)nc2c1cnn2C1=NN=CC1,True,423.44000000000017,3.113380000000001,1,9,4,126.25999999999999,120.74570000000003,32,4,False,derivative,True
CNc1cc(-c2c(OC)cccc2-c2cncc3[nH]ccc23)c2cnn(C3=NN=CC3)c2n1,True,436.4790000000002,4.328000000000003,2,7,4,105.36999999999999,130.0924,33,3,False,derivative,True
CNc1cc(-c2c(OC)cccc2-c2cncc3[nH]ccc23)nc2c1cnn2C1=NN=CC1,True,436.4790000000002,4.328000000000003,2,7,4,105.37,130.0924,33,3,False,derivative,True
CNc1cc(-c2c(OC)cccc2C2([S@](C)(=N)=O)CC2)c2cnn(C3=NN=CC3)c2n1,True,437.5290000000003,3.4503700000000013,2,8,5,117.61,122.70280000000004,31,4,False,derivative,True
CNc1cc(-c2c(OC)cccc2C2([S@](C)(=N)=O)CC2)nc2c1cnn2C1=NN=CC1,True,437.5290000000003,3.450370000000002,2,8,5,117.60999999999999,122.70280000000005,31,4,False,derivative,True
CNc1cc(-c2c(OC)cccc2N(C)C)c2cnn(C3=NN=CC3)c2n1,True,363.4250000000001,2.8507000000000007,1,7,4,79.92999999999999,109.33170000000004,27,4,False,derivative,True
CNc1cc(-c2c(OC)cccc2N(C)C)nc2c1cnn2C1=NN=CC1,True,363.42500000000007,2.8507000000000007,1,7,4,79.92999999999999,109.33170000000004,27,4,False,derivative,True
CNc1cc(-c2c(OC)cccc2N2CCOC[C@H]2C)c2cnn(C3=NN=CC3)c2n1,True,419.48900000000015,3.009800000000001,1,8,4,89.16000000000001,122.63170000000005,31,4,False,derivative,True
CNc1cc(-c2c(OC)cccc2N2CCOC[C@H]2C)nc2c1cnn2C1=NN=CC1,True,419.48900000000015,3.009800000000001,1,8,4,89.16,122.63170000000005,31,4,False,derivative,True
CNc1cc(-c2c(OC)cccc2OC)c2cnn(C3=NN=CC3)c2n1,True,350.3820000000001,2.7933000000000003,1,7,4,85.92,101.55670000000003,26,4,False,derivative,True
CNc1cc(-c2c(OC)cccc2OC)nc2c1cnn2C1=NN=CC1,True,350.38200000000006,2.7933000000000012,1,7,4,85.92,101.55670000000005,26,4,False,derivative,True
CNc1cc(-c2c(OC)cccc2[C@]2(O)C[C@H]3CC[C@@H](C2)O3)c2cnn(C3=NN=CC3)c2n1,True,446.5110000000002,3.3137000000000016,2,8,4,106.14999999999999,126.03050000000005,33,4,False,derivative,True
CNc1cc(-c2c(OC)cccc2[C@]2(O)C[C@H]3CC[C@@H](C2)O3)nc2c1cnn2C1=NN=CC1,True,446.5110000000002,3.3137000000000016,2,8,4,106.15,126.03050000000006,33,4,False,derivative,True
CNc1cc(-c2c([C@]3(O)C[C@H]4CC[C@@H](C3)O4)cccc2[C@]2(O)C[C@H]3CC[C@@H](C2)O3)c2cnn(C3=NN=CC3)c2n1,True,542.6400000000002,3.834100000000003,3,9,4,126.38000000000001,150.50429999999977,40,3,False,derivative,True
CNc1cc(-c2c([C@]3(O)C[C@H]4CC[C@@H](C3)O4)cccc2[C@]2(O)C[C@H]3CC[C@@H](C2)O3)nc2c1cnn2C1=NN=CC1,True,542.6400000000002,3.834100000000003,3,9,4,126.38,150.50429999999977,40,3,False,derivative,True
CNc1cc(-c2cc(-c3ccc(N(C)C)cc3)c3cnn(C4=NN=CC4)c3n2)nc2c1cnn2C1=NN=CC1,True,516.5730000000002,3.8899000000000026,1,10,4,126.13,155.24369999999973,39,3,False,derivative,True
CNc1cc(-c2cc(-c3ccc(OC)cc3)c3cnn(C4=NN=CC4)c3n2)nc2c1cnn2C1=NN=CC1,True,503.53000000000026,3.8325000000000022,1,10,4,132.12,147.4686999999998,38,2,False,derivative,False
CNc1cc(-c2cc(C3([S@](C)(=N)=O)CC3)nc3c2cnn3C2=NN=CC2)[nH]n1,True,397.4680000000001,2.16487,3,8,4,137.06,108.29650000000004,28,3,False,derivative,True
CNc1cc(-c2cc(C3([S@](C)(=N)=O)CC3)nc3c2cnn3C2=NN=CC2)n[nH]1,True,397.4680000000001,2.16487,3,8,4,137.06,108.29650000000004,28,3,False,derivative,True
CNc1cc(-c2cc(C3([S@](C)(=N)=O)CC3)nc3c2cnn3C2=NN=CC2)nc(N(C)C)n1,True,452.5480000000002,2.29777,2,10,5,137.39999999999998,126.06780000000005,32,3,False,derivative,True
CNc1cc(-c2cc(C3([S@](C)(=N)=O)CC3)nc3c2cnn3C2=NN=CC2)no1,True,398.4520000000001,2.4297700000000004,2,9,4,134.41,106.21180000000004,28,3,False,derivative,True
CNc1cc(-c2cc(C3([S@](C)(=N)=O)CC3)nc3c2cnn3C2=NN=CC2)on1,True,398.4520000000001,2.4297700000000004,2,9,4,134.41,106.21180000000004,28,3,False,derivative,True
CNc1cc(-c2cc(CN(C)C)c3cnn(C4=NN=CC4)c3n2)nc2c1cnn2C1=NN=CC1,True,454.50200000000024,2.2184999999999997,1,10,4,126.13,132.87169999999998,34,3,False,derivative,True
CNc1cc(-c2cc(COC)c3cnn(C4=NN=CC4)c3n2)nc2c1cnn2C1=NN=CC1,True,441.45900000000023,2.3033,1,10,4,132.12,126.19370000000002,33,3,False,derivative,True
CNc1cc(-c2cc(N(C)C)c3cnn(C4=NN=CC4)c3n2)nc2c1cnn2C1=NN=CC1,True,440.47500000000025,2.2229,1,10,3,126.13,129.8077,33,4,False,derivative,True
CNc1cc(-c2cc(N3CCOC[C@H]3C)c3cnn(C4=NN=CC4)c3n2)nc2c1cnn2C1=NN=CC1,True,496.5390000000002,2.3820000000000006,1,11,3,135.35999999999999,143.10769999999985,37,2,False,derivative,False
CNc1cc(-c2cc(NC)c3cnn(C4=NN=CC4)c3n2)nc2c1cnn2C1=NN=CC1,True,426.44800000000015,2.1986,2,10,3,134.92,125.02740000000001,32,3,False,derivative,True
CNc1cc(-c2cc(OC)c3cnn(C4=NN=CC4)c3n2)nc2c1cnn2C1=NN=CC1,True,427.4320000000002,2.1654999999999998,1,10,3,132.12,122.03270000000002,32,3,False,derivative,True
CNc1cc(-c2cc([C@]3(O)C[C@H]4CC[C@@H](C3)O4)nc3c2cnn3C2=NN=CC2)[nH]n1,True,406.4500000000001,2.0282,3,8,3,125.59999999999998,111.62420000000004,30,4,False,derivative,True
CNc1cc(-c2cc([C@]3(O)C[C@H]4CC[C@@H](C3)O4)nc3c2cnn3C2=NN=CC2)n[nH]1,True,406.4500000000001,2.0282,3,8,3,125.6,111.62420000000004,30,4,False,derivative,True
CNc1cc(-c2cc([C@]3(O)C[C@H]4CC[C@@H](C3)O4)nc3c2cnn3C2=NN=CC2)no1,True,407.43400000000014,2.2931,2,9,3,122.94999999999999,109.53950000000005,30,4,False,derivative,True
CNc1cc(-c2cc([C@]3(O)C[C@H]4CC[C@@H](C3)O4)nc3c2cnn3C2=NN=CC2)on1,True,407.43400000000014,2.2931,2,9,3,122.94999999999999,109.53950000000005,30,4,False,derivative,True
CNc1cc(-c2ccc(-c3cc(C4([S@](C)(=N)=O)CC4)nc4c3cnn4C3=NN=CC3)cc2)[nH]n1,True,473.5660000000002,3.831870000000002,3,8,5,137.06,133.7325,34,2,False,derivative,False
CNc1cc(-c2ccc(-c3cc(C4([S@](C)(=N)=O)CC4)nc4c3cnn4C3=NN=CC3)cc2)n[nH]1,True,473.5660000000002,3.831870000000002,3,8,5,137.06,133.7325,34,2,False,derivative,False
CNc1cc(-c2ccc(-c3cc(C4([S@](C)(=N)=O)CC4)nc4c3cnn4C3=NN=CC3)cc2)no1,True,474.55000000000024,4.096770000000003,2,9,5,134.41,131.6478,34,2,False,derivative,False
CNc1cc(-c2ccc(-c3cc(C4([S@](C)(=N)=O)CC4)nc4c3cnn4C3=NN=CC3)cc2)on1,True,474.55000000000024,4.096770000000003,2,9,5,134.41,131.6478,34,2,False,derivative,False
CNc1cc(-c2ccc(-c3cc([C@]4(O)C[C@H]5CC[C@@H](C4)O5)nc4c3cnn4C3=NN=CC3)cc2)[nH]n1,True,482.5480000000002,3.6952000000000016,3,8,4,125.59999999999998,137.06019999999995,36,3,False,derivative,True
CNc1cc(-c2ccc(-c3cc([C@]4(O)C[C@H]5CC[C@@H](C4)O5)nc4c3cnn4C3=NN=CC3)cc2)n[nH]1,True,482.5480000000002,3.6952000000000016,3,8,4,125.6,137.06019999999995,36,3,False,derivative,True
CNc1cc(-c2ccc(-c3cc([C@]4(O)C[C@H]5CC[C@@H](C4)O5)nc4c3cnn4C3=NN=CC3)cc2)no1,True,483.5320000000002,3.9601000000000024,2,9,4,122.94999999999999,134.97549999999995,36,3,False,derivative,True
CNc1cc(-c2ccc(-c3cc([C@]4(O)C[C@H]5CC[C@@H](C4)O5)nc4c3cnn4C3=NN=CC3)cc2)on1,True,483.5320000000002,3.9601000000000024,2,9,4,122.94999999999999,134.97549999999995,36,3,False,derivative,True
CNc1cc(C2([S@](C)(=N)=O)CC2)nc2c1cnn2C1=NN=CC1,True,331.4050000000001,1.77477,2,7,3,108.38,90.71480000000003,23,4,False,derivative,True
CNc1cc(N(C)C)nc(-c2cc(C3([S@](C)(=N)=O)CC3)nc3c2cnn3C2=NN=CC2)n1,True,452.5480000000003,2.29777,2,10,5,137.40000000000003,126.06780000000005,32,3,False,derivative,True
CNc1cc(Nc2cc([C@]3(O)C[C@H]4CC[C@@H](C3)O4)nc3c2cnn3C2=NN=CC2)[nH]n1,True,421.4650000000001,2.1048,4,9,4,137.63,115.91290000000004,31,3,False,derivative,True
CNc1cc(Nc2cc([C@]3(O)C[C@H]4CC[C@@H](C3)O4)nc3c2cnn3C2=NN=CC2)n[nH]1,True,421.4650000000001,2.1048,4,9,4,137.63,115.91290000000004,31,3,False,derivative,True
CNc1cc(Nc2cc([C@]3(O)C[C@H]4CC[C@@H](C3)O4)nc3c2cnn3C2=NN=CC2)no1,True,422.4490000000001,2.3697,3,10,4,134.98,113.82820000000004,31,3,False,derivative,True
CNc1cc(Nc2cc([C@]3(O)C[C@H]4CC[C@@H](C3)O4)nc3c2cnn3C2=NN=CC2)on1,True,422.4490000000001,2.3697,3,10,4,134.98,113.82820000000004,31,3,False,derivative,True
CNc1cc([C@]2(O)C[C@H]3CC[C@@H](C2)O3)nc2c1cnn2C1=NN=CC1,True,340.38700000000006,1.6381,2,7,2,96.91999999999999,94.04250000000003,25,4,False,derivative,True
CNc1ccc(-c2cc(-c3cc(C4([S@](C)(=N)=O)CC4)nc4c3cnn4C3=NN=CC3)[nH]n2)cc1,True,473.5660000000002,3.831870000000001,3,8,5,137.06,133.7325,34,2,False,derivative,False
CNc1ccc(-c2cc(-c3cc(C4([S@](C)(=N)=O)CC4)nc4c3cnn4C3=NN=CC3)n[nH]2)cc1,True,473.5660000000002,3.831870000000001,3,8,5,137.06,133.7325,34,2,False,derivative,False
CNc1ccc(-c2cc(-c3cc(C4([S@](C)(=N)=O)CC4)nc4c3cnn4C3=NN=CC3)no2)cc1,True,474.55000000000024,4.096770000000002,2,9,5,134.41,131.6478,34,2,False,derivative,False
CNc1ccc(-c2cc(-c3cc(C4([S@](C)(=N)=O)CC4)nc4c3cnn4C3=NN=CC3)on2)cc1,True,474.55000000000024,4.096770000000002,2,9,5,134.41,131.6478,34,2,False,derivative,False
CNc1ccc(-c2cc(-c3cc(N(C)C)c4cnn(C5=NN=CC5)c4n3)nc3c2cnn3C2=NN=CC2)cc1,True,516.5730000000003,3.8899000000000017,1,10,4,126.13,155.24369999999973,39,3,False,derivative,True
CNc1ccc(-c2cc(-c3cc(NC)c4cnn(C5=NN=CC5)c4n3)nc3c2cnn3C2=NN=CC2)cc1,True,502.5460000000002,3.8656000000000015,2,10,4,134.92,150.46339999999978,38,2,False,derivative,False
CNc1ccc(-c2cc(-c3cc(OC)c4cnn(C5=NN=CC5)c4n3)nc3c2cnn3C2=NN=CC2)cc1,True,503.5300000000002,3.8325000000000022,1,10,4,132.12,147.4686999999998,38,2,False,derivative,False
CNc1ccc(-c2cc(-c3cc([C@]4(O)C[C@H]5CC[C@@H](C4)O5)nc4c3cnn4C3=NN=CC3)[nH]n2)cc1,True,482.5480000000002,3.6952000000000016,3,8,4,125.59999999999998,137.06019999999995,36,3,False,derivative,True
CNc1ccc(-c2cc(-c3cc([C@]4(O)C[C@H]5CC[C@@H](C4)O5)nc4c3cnn4C3=NN=CC3)n[nH]2)cc1,True,482.5480000000002,3.6952000000000016,3,8,4,125.6,137.06019999999995,36,3,False,derivative,True
CNc1ccc(-c2cc(-c3cc([C@]4(O)C[C@H]5CC[C@@H](C4)O5)nc4c3cnn4C3=NN=CC3)no2)cc1,True,483.5320000000002,3.9601000000000024,2,9,4,122.94999999999999,134.97549999999995,36,3,False,derivative,True
CNc1ccc(-c2cc(-c3cc([C@]4(O)C[C@H]5CC[C@@H](C4)O5)nc4c3cnn4C3=NN=CC3)on2)cc1,True,483.5320000000002,3.9601000000000024,2,9,4,122.94999999999999,134.97549999999995,36,3,False,derivative,True
CNc1ccc(-c2cc(C3([S@](C)(=N)=O)CC3)nc3c2cnn3C2=NN=CC2)cc1,True,407.5030000000001,3.4417700000000018,2,7,4,108.38,116.15080000000002,29,4,False,derivative,True
CNc1ccc(-c2cc([C@]3(O)C[C@H]4CC[C@@H](C3)O4)nc3c2cnn3C2=NN=CC2)cc1,True,416.48500000000007,3.305100000000002,2,7,3,96.91999999999999,119.47850000000003,31,4,False,derivative,True
CNc1ccc(-c2ccc(-c3cc(C4([S@](C)(=N)=O)CC4)nc4c3cnn4C3=NN=CC3)cc2)cc1,True,483.6010000000003,5.108770000000003,2,7,5,108.38,141.58679999999987,35,3,False,derivative,True
CNc1ccc(-c2ccc(-c3cc([C@]4(O)C[C@H]5CC[C@@H](C4)O5)nc4c3cnn4C3=NN=CC3)cc2)cc1,True,492.5830000000002,4.972100000000004,2,7,4,96.91999999999999,144.9144999999998,37,3,False,derivative,True
CNc1ccc(Oc2cc(C3([S@](C)(=N)=O)CC3)nc3c2cnn3C2=NN=CC2)cc1,True,423.5020000000001,3.567070000000002,2,8,5,117.60999999999999,117.23080000000003,30,4,False,derivative,True
CNc1cccc(-c2cc(C3([S@](C)(=N)=O)CC3)nc3c2cnn3C2=NN=CC2)c1-c1cncc2[nH]ccc12,True,523.6260000000002,4.985070000000003,3,8,5,137.06,151.2384999999998,38,2,False,derivative,False
CNc1cccc(-c2cc(C3([S@](C)(=N)=O)CC3)nc3c2cnn3C2=NN=CC2)c1N(C)C,True,450.5720000000002,3.5077700000000025,2,8,5,111.61999999999999,130.4778,32,3,False,derivative,True
CNc1cccc(-c2cc(C3([S@](C)(=N)=O)CC3)nc3c2cnn3C2=NN=CC2)c1N1CCOC[C@H]1C,True,506.6360000000003,3.666870000000002,2,9,5,120.85,143.77779999999984,36,3,False,derivative,True
CNc1cccc(-c2cc(C3([S@](C)(=N)=O)CC3)nc3c2cnn3C2=NN=CC2)c1NC,True,436.54500000000013,3.4834700000000014,3,8,5,120.41,125.69750000000003,31,4,False,derivative,True
CNc1cccc(-c2cc(C3([S@](C)(=N)=O)CC3)nc3c2cnn3C2=NN=CC2)c1OC,True,437.52900000000017,3.450370000000002,2,8,5,117.61,122.70280000000004,31,4,False,derivative,True
CNc1cccc(-c2cc(C3([S@](C)(=N)=O)CC3)nc3c2cnn3C2=NN=CC2)c1[C@]1(O)C[C@H]2CC[C@@H](C1)O2,True,533.6580000000002,3.9707700000000026,3,9,5,137.83999999999997,147.1765999999998,38,2,False,derivative,False
CNc1cccc(-c2cc([C@]3(O)C[C@H]4CC[C@@H](C3)O4)nc3c2cnn3C2=NN=CC2)c1-c1cncc2[nH]ccc12,True,532.6080000000002,4.848400000000003,3,8,4,125.6,154.56619999999975,40,3,False,derivative,True
CNc1cccc(-c2cc([C@]3(O)C[C@H]4CC[C@@H](C3)O4)nc3c2cnn3C2=NN=CC2)c1C1([S@](C)(=N)=O)CC1,True,533.6580000000001,3.9707700000000026,3,9,5,137.83999999999997,147.1765999999998,38,2,False,derivative,False
CNc1cccc(-c2cc([C@]3(O)C[C@H]4CC[C@@H](C3)O4)nc3c2cnn3C2=NN=CC2)c1N(C)C,True,459.5540000000002,3.371100000000002,2,8,4,100.15999999999998,133.80549999999997,34,3,False,derivative,True
CNc1cccc(-c2cc([C@]3(O)C[C@H]4CC[C@@H](C3)O4)nc3c2cnn3C2=NN=CC2)c1N1CCOC[C@H]1C,True,515.6180000000003,3.5302000000000016,2,9,4,109.38999999999999,147.10549999999978,38,3,False,derivative,True
CNc1cccc(-c2cc([C@]3(O)C[C@H]4CC[C@@H](C3)O4)nc3c2cnn3C2=NN=CC2)c1NC,True,445.52700000000016,3.346800000000001,3,8,4,108.94999999999999,129.02520000000004,33,4,False,derivative,True
CNc1cccc(-c2cc([C@]3(O)C[C@H]4CC[C@@H](C3)O4)nc3c2cnn3C2=NN=CC2)c1OC,True,446.5110000000002,3.3137000000000016,2,8,4,106.14999999999999,126.03050000000005,33,4,False,derivative,True
CNc1cccc(-c2cc([C@]3(O)C[C@H]4CC[C@@H](C3)O4)nc3c2cnn3C2=NN=CC2)c1[C@]1(O)C[C@H]2CC[C@@H](C1)O2,True,542.6400000000003,3.834100000000002,3,9,4,126.38,150.50429999999977,40,3,False,derivative,True
CNc1cccc(-c2ccc(S(=O)(=O)C(C)C)cc2)c1-c1cc(N(C)C)c2cnn(C3=NN=CC3)c2n1,True,515.6430000000003,4.691200000000004,1,8,6,104.84,150.53749999999977,37,3,False,derivative,True
CNc1cccc(-c2ccc(S(=O)(=O)C(C)C)cc2)c1-c1cc(N(C)C)nc2c1cnn2C1=NN=CC1,True,515.6430000000001,4.691200000000004,1,8,6,104.84,150.53749999999977,37,3,False,derivative,True
CNc1cccc(-c2ccc(S(=O)(=O)C(C)C)cc2)c1-c1cc(N2CCOC[C@H]2C)c2cnn(C3=NN=CC3)c2n1,True,571.7070000000001,4.850300000000004,1,9,6,114.07000000000001,163.83749999999964,41,3,False,derivative,True
CNc1cccc(-c2ccc(S(=O)(=O)C(C)C)cc2)c1-c1cc(N2CCOC[C@H]2C)nc2c1cnn2C1=NN=CC1,True,571.7070000000001,4.850300000000004,1,9,6,114.07,163.8374999999996,41,3,False,derivative,True
CNc1cccc(-c2ccc(S(=O)(=O)C(C)C)cc2)c1-c1cc(NC)c2cnn(C3=NN=CC3)c2n1,True,501.6160000000002,4.666900000000004,2,8,6,113.63000000000001,145.75719999999984,36,3,False,derivative,True
CNc1cccc(-c2ccc(S(=O)(=O)C(C)C)cc2)c1-c1cc(OC)c2cnn(C3=NN=CC3)c2n1,True,502.60000000000025,4.633800000000004,1,8,6,110.83,142.76249999999985,36,3,False,derivative,True
CNc1cccc(-c2ccc(S(=O)(=O)C(C)C)cc2)c1-c1cc(OC)nc2c1cnn2C1=NN=CC1,True,502.60000000000025,4.633800000000004,1,8,6,110.83000000000001,142.76249999999985,36,3,False,derivative,True
CNc1cccc(-c2cnc(C#N)cn2)c1-c1cc(N(C)C)c2cnn(C3=NN=CC3)c2n1,True,436.4830000000002,3.1707800000000015,1,9,4,120.27,128.52070000000003,33,4,False,derivative,True
CNc1cccc(-c2cnc(C#N)cn2)c1-c1cc(N(C)C)nc2c1cnn2C1=NN=CC1,True,436.4830000000002,3.1707800000000015,1,9,4,120.27000000000001,128.52070000000003,33,4,False,derivative,True
CNc1cccc(-c2cnc(C#N)cn2)c1-c1cc(N2CCOC[C@H]2C)c2cnn(C3=NN=CC3)c2n1,True,492.5470000000003,3.329880000000002,1,10,4,129.5,141.82069999999985,37,3,False,derivative,True
CNc1cccc(-c2cnc(C#N)cn2)c1-c1cc(N2CCOC[C@H]2C)nc2c1cnn2C1=NN=CC1,True,492.5470000000003,3.329880000000002,1,10,4,129.5,141.82069999999985,37,3,False,derivative,True
CNc1cccc(-c2cnc(C#N)cn2)c1-c1cc(NC)c2cnn(C3=NN=CC3)c2n1,True,422.45600000000013,3.1464800000000004,2,9,4,129.06,123.74040000000004,32,4,False,derivative,True
CNc1cccc(-c2cnc(C#N)cn2)c1-c1cc(OC)c2cnn(C3=NN=CC3)c2n1,True,423.44000000000017,3.113380000000001,1,9,4,126.26,120.74570000000004,32,4,False,derivative,True
CNc1cccc(-c2cnc(C#N)cn2)c1-c1cc(OC)nc2c1cnn2C1=NN=CC1,True,423.44000000000017,3.113380000000001,1,9,4,126.25999999999999,120.74570000000004,32,4,False,derivative,True
CNc1cccc(-c2cncc3[nH]ccc23)c1-c1cc(C2([S@](C)(=N)=O)CC2)c2cnn(C3=NN=CC3)c2n1,True,523.6260000000003,4.985070000000004,3,8,5,137.06,151.2384999999998,38,2,False,derivative,False
CNc1cccc(-c2cncc3[nH]ccc23)c1-c1cc(C2([S@](C)(=N)=O)CC2)nc2c1cnn2C1=NN=CC1,True,523.6260000000002,4.985070000000004,3,8,5,137.06,151.2384999999998,38,2,False,derivative,False
CNc1cccc(-c2cncc3[nH]ccc23)c1-c1cc(N(C)C)c2cnn(C3=NN=CC3)c2n1,True,449.5220000000002,4.385400000000003,2,7,4,99.38,137.86739999999992,34,3,False,derivative,True
CNc1cccc(-c2cncc3[nH]ccc23)c1-c1cc(N(C)C)nc2c1cnn2C1=NN=CC1,True,449.5220000000002,4.385400000000003,2,7,4,99.38,137.86739999999992,34,3,False,derivative,True
CNc1cccc(-c2cncc3[nH]ccc23)c1-c1cc(N2CCOC[C@H]2C)c2cnn(C3=NN=CC3)c2n1,True,505.58600000000035,4.544500000000004,2,8,4,108.61,151.16739999999976,38,3,False,derivative,True
CNc1cccc(-c2cncc3[nH]ccc23)c1-c1cc(N2CCOC[C@H]2C)nc2c1cnn2C1=NN=CC1,True,505.58600000000035,4.544500000000004,2,8,4,108.61000000000001,151.16739999999976,38,3,False,derivative,True
CNc1cccc(-c2cncc3[nH]ccc23)c1-c1cc(NC)c2cnn(C3=NN=CC3)c2n1,True,435.4950000000002,4.361100000000003,3,7,4,108.17,133.08709999999996,33,3,False,derivative,True
CNc1cccc(-c2cncc3[nH]ccc23)c1-c1cc(OC)c2cnn(C3=NN=CC3)c2n1,True,436.4790000000002,4.328000000000003,2,7,4,105.36999999999999,130.0924,33,3,False,derivative,True
CNc1cccc(-c2cncc3[nH]ccc23)c1-c1cc(OC)nc2c1cnn2C1=NN=CC1,True,436.4790000000002,4.328000000000003,2,7,4,105.37,130.0924,33,3,False,derivative,True
CNc1cccc(-c2cncc3[nH]ccc23)c1-c1cc([C@]2(O)C[C@H]3CC[C@@H](C2)O3)c2cnn(C3=NN=CC3)c2n1,True,532.6080000000003,4.848400000000004,3,8,4,125.60000000000001,154.56619999999975,40,3,False,derivative,True
CNc1cccc(-c2cncc3[nH]ccc23)c1-c1cc([C@]2(O)C[C@H]3CC[C@@H](C2)O3)nc2c1cnn2C1=NN=CC1,True,532.6080000000003,4.848400000000004,3,8,4,125.6,154.56619999999975,40,3,False,derivative,True
CNc1cccc(C2([S@](C)(=N)=O)CC2)c1-c1cc(-c2cncc3[nH]ccc23)c2cnn(C3=NN=CC3)c2n1,True,523.6260000000002,4.985070000000004,3,8,5,137.06,151.2384999999998,38,2,False,derivative,False
CNc1cccc(C2([S@](C)(=N)=O)CC2)c1-c1cc(-c2cncc3[nH]ccc23)nc2c1cnn2C1=NN=CC1,True,523.6260000000001,4.985070000000004,3,8,5,137.06,151.2384999999998,38,2,False,derivative,False
CNc1cccc(C2([S@](C)(=N)=O)CC2)c1-c1cc(N(C)C)c2cnn(C3=NN=CC3)c2n1,True,450.5720000000002,3.5077700000000025,2,8,5,111.62000000000002,130.4778,32,3,False,derivative,True
CNc1cccc(C2([S@](C)(=N)=O)CC2)c1-c1cc(N(C)C)nc2c1cnn2C1=NN=CC1,True,450.5720000000002,3.5077700000000025,2,8,5,111.62,130.4778,32,3,False,derivative,True
CNc1cccc(C2([S@](C)(=N)=O)CC2)c1-c1cc(N2CCOC[C@H]2C)c2cnn(C3=NN=CC3)c2n1,True,506.6360000000003,3.666870000000002,2,9,5,120.85000000000001,143.77779999999984,36,3,False,derivative,True
CNc1cccc(C2([S@](C)(=N)=O)CC2)c1-c1cc(N2CCOC[C@H]2C)nc2c1cnn2C1=NN=CC1,True,506.6360000000003,3.666870000000002,2,9,5,120.85,143.77779999999984,36,3,False,derivative,True
CNc1cccc(C2([S@](C)(=N)=O)CC2)c1-c1cc(NC)c2cnn(C3=NN=CC3)c2n1,True,436.54500000000013,3.4834700000000014,3,8,5,120.41000000000001,125.69750000000003,31,4,False,derivative,True
CNc1cccc(C2([S@](C)(=N)=O)CC2)c1-c1cc(OC)c2cnn(C3=NN=CC3)c2n1,True,437.52900000000017,3.450370000000002,2,8,5,117.61,122.70280000000004,31,4,False,derivative,True
CNc1cccc(C2([S@](C)(=N)=O)CC2)c1-c1cc(OC)nc2c1cnn2C1=NN=CC1,True,437.52900000000017,3.450370000000002,2,8,5,117.61000000000001,122.70280000000004,31,4,False,derivative,True
CNc1cccc(C2([S@](C)(=N)=O)CC2)c1-c1cc([C@]2(O)C[C@H]3CC[C@@H](C2)O3)c2cnn(C3=NN=CC3)c2n1,True,533.6580000000002,3.9707700000000035,3,9,5,137.84000000000003,147.1765999999998,38,2,False,derivative,False
CNc1cccc(C2([S@](C)(=N)=O)CC2)c1-c1cc([C@]2(O)C[C@H]3CC[C@@H](C2)O3)nc2c1cnn2C1=NN=CC1,True,533.6580000000002,3.9707700000000035,3,9,5,137.84,147.1765999999998,38,2,False,derivative,False
CNc1cccc(N(C)C)c1-c1cc(-c2ccc(S(=O)(=O)C(C)C)cc2)c2cnn(C3=NN=CC3)c2n1,True,515.6430000000003,4.691200000000004,1,8,6,104.84,150.53749999999974,37,3,False,derivative,True
CNc1cccc(N(C)C)c1-c1cc(-c2ccc(S(=O)(=O)C(C)C)cc2)nc2c1cnn2C1=NN=CC1,True,515.6430000000001,4.691200000000004,1,8,6,104.84,150.53749999999974,37,3,False,derivative,True
CNc1cccc(N(C)C)c1-c1cc(-c2cnc(C#N)cn2)c2cnn(C3=NN=CC3)c2n1,True,436.4830000000001,3.1707800000000015,1,9,4,120.27,128.5207,33,4,False,derivative,True
CNc1cccc(N(C)C)c1-c1cc(-c2cnc(C#N)cn2)nc2c1cnn2C1=NN=CC1,True,436.4830000000001,3.1707800000000015,1,9,4,120.27000000000001,128.5207,33,4,False,derivative,True
CNc1cccc(N(C)C)c1-c1cc(-c2cncc3[nH]ccc23)c2cnn(C3=NN=CC3)c2n1,True,449.52200000000016,4.385400000000002,2,7,4,99.38,137.86739999999992,34,3,False,derivative,True
CNc1cccc(N(C)C)c1-c1cc(-c2cncc3[nH]ccc23)nc2c1cnn2C1=NN=CC1,True,449.52200000000016,4.385400000000002,2,7,4,99.38,137.86739999999992,34,3,False,derivative,True
CNc1cccc(N(C)C)c1-c1cc(C2([S@](C)(=N)=O)CC2)c2cnn(C3=NN=CC3)c2n1,True,450.57200000000023,3.5077700000000016,2,8,5,111.62000000000002,130.4778,32,3,False,derivative,True
CNc1cccc(N(C)C)c1-c1cc(C2([S@](C)(=N)=O)CC2)nc2c1cnn2C1=NN=CC1,True,450.57200000000023,3.5077700000000016,2,8,5,111.62,130.4778,32,3,False,derivative,True
CNc1cccc(N(C)C)c1-c1cc(N(C)C)c2cnn(C3=NN=CC3)c2n1,True,376.4680000000001,2.908100000000001,1,7,4,73.94,117.10670000000006,28,4,False,derivative,True
CNc1cccc(N(C)C)c1-c1cc(N(C)C)nc2c1cnn2C1=NN=CC1,True,376.46800000000013,2.908100000000001,1,7,4,73.94,117.10670000000005,28,4,False,derivative,True
CNc1cccc(N(C)C)c1-c1cc(N2CCOC[C@H]2C)c2cnn(C3=NN=CC3)c2n1,True,432.53200000000015,3.0672000000000015,1,8,4,83.17,130.40670000000003,32,3,False,derivative,True
CNc1cccc(N(C)C)c1-c1cc(N2CCOC[C@H]2C)nc2c1cnn2C1=NN=CC1,True,432.53200000000015,3.0672000000000015,1,8,4,83.17,130.40670000000003,32,3,False,derivative,True
CNc1cccc(N(C)C)c1-c1cc(NC)c2cnn(C3=NN=CC3)c2n1,True,362.4410000000001,2.883800000000001,2,7,4,82.73,112.32640000000005,27,4,False,derivative,True
CNc1cccc(N(C)C)c1-c1cc(OC)c2cnn(C3=NN=CC3)c2n1,True,363.42500000000007,2.8507000000000007,1,7,4,79.92999999999999,109.33170000000004,27,4,False,derivative,True
CNc1cccc(N(C)C)c1-c1cc(OC)nc2c1cnn2C1=NN=CC1,True,363.42500000000007,2.8507000000000007,1,7,4,79.92999999999999,109.33170000000004,27,4,False,derivative,True
CNc1cccc(N(C)C)c1-c1cc([C@]2(O)C[C@H]3CC[C@@H](C2)O3)c2cnn(C3=NN=CC3)c2n1,True,459.55400000000026,3.371100000000002,2,8,4,100.16,133.80549999999997,34,3,False,derivative,True
CNc1cccc(N(C)C)c1-c1cc([C@]2(O)C[C@H]3CC[C@@H](C2)O3)nc2c1cnn2C1=NN=CC1,True,459.55400000000026,3.371100000000002,2,8,4,100.16,133.80549999999997,34,3,False,derivative,True
CNc1cccc(N2CCOC[C@H]2C)c1-c1cc(-c2ccc(S(=O)(=O)C(C)C)cc2)c2cnn(C3=NN=CC3)c2n1,True,571.707,4.850300000000004,1,9,6,114.07000000000001,163.8374999999996,41,3,False,derivative,True
CNc1cccc(N2CCOC[C@H]2C)c1-c1cc(-c2ccc(S(=O)(=O)C(C)C)cc2)nc2c1cnn2C1=NN=CC1,True,571.707,4.850300000000004,1,9,6,114.07,163.8374999999996,41,3,False,derivative,True
CNc1cccc(N2CCOC[C@H]2C)c1-c1cc(-c2cnc(C#N)cn2)c2cnn(C3=NN=CC3)c2n1,True,492.5470000000002,3.329880000000002,1,10,4,129.5,141.82069999999985,37,3,False,derivative,True
CNc1cccc(N2CCOC[C@H]2C)c1-c1cc(-c2cnc(C#N)cn2)nc2c1cnn2C1=NN=CC1,True,492.5470000000002,3.329880000000002,1,10,4,129.5,141.82069999999985,37,3,False,derivative,True
CNc1cccc(N2CCOC[C@H]2C)c1-c1cc(-c2cncc3[nH]ccc23)c2cnn(C3=NN=CC3)c2n1,True,505.5860000000002,4.544500000000004,2,8,4,108.61,151.16739999999976,38,3,False,derivative,True
CNc1cccc(N2CCOC[C@H]2C)c1-c1cc(-c2cncc3[nH]ccc23)nc2c1cnn2C1=NN=CC1,True,505.5860000000002,4.544500000000004,2,8,4,108.60999999999999,151.16739999999976,38,3,False,derivative,True
CNc1cccc(N2CCOC[C@H]2C)c1-c1cc(C2([S@](C)(=N)=O)CC2)c2cnn(C3=NN=CC3)c2n1,True,506.63600000000025,3.666870000000002,2,9,5,120.85000000000001,143.77779999999987,36,3,False,derivative,True
CNc1cccc(N2CCOC[C@H]2C)c1-c1cc(C2([S@](C)(=N)=O)CC2)nc2c1cnn2C1=NN=CC1,True,506.63600000000025,3.666870000000002,2,9,5,120.85,143.77779999999987,36,3,False,derivative,True
CNc1cccc(N2CCOC[C@H]2C)c1-c1cc(N(C)C)c2cnn(C3=NN=CC3)c2n1,True,432.53200000000015,3.0672000000000015,1,8,4,83.17,130.40670000000003,32,3,False,derivative,True
CNc1cccc(N2CCOC[C@H]2C)c1-c1cc(N(C)C)nc2c1cnn2C1=NN=CC1,True,432.53200000000015,3.0672000000000015,1,8,4,83.17,130.40670000000003,32,3,False,derivative,True
CNc1cccc(N2CCOC[C@H]2C)c1-c1cc(N2CCOC[C@H]2C)c2cnn(C3=NN=CC3)c2n1,True,488.5960000000003,3.226300000000002,1,9,4,92.4,143.70669999999984,36,3,False,derivative,True
CNc1cccc(N2CCOC[C@H]2C)c1-c1cc(N2CCOC[C@H]2C)nc2c1cnn2C1=NN=CC1,True,488.5960000000003,3.226300000000002,1,9,4,92.4,143.70669999999984,36,3,False,derivative,True
CNc1cccc(N2CCOC[C@H]2C)c1-c1cc(NC)c2cnn(C3=NN=CC3)c2n1,True,418.5050000000001,3.0429000000000013,2,8,4,91.96000000000001,125.62640000000005,31,4,False,derivative,True
CNc1cccc(N2CCOC[C@H]2C)c1-c1cc(OC)c2cnn(C3=NN=CC3)c2n1,True,419.48900000000015,3.009800000000001,1,8,4,89.16000000000001,122.63170000000005,31,4,False,derivative,True
CNc1cccc(N2CCOC[C@H]2C)c1-c1cc(OC)nc2c1cnn2C1=NN=CC1,True,419.48900000000015,3.009800000000001,1,8,4,89.16,122.63170000000005,31,4,False,derivative,True
CNc1cccc(N2CCOC[C@H]2C)c1-c1cc([C@]2(O)C[C@H]3CC[C@@H](C2)O3)c2cnn(C3=NN=CC3)c2n1,True,515.6180000000003,3.5302000000000024,2,9,4,109.39,147.10549999999984,38,3,False,derivative,True
CNc1cccc(N2CCOC[C@H]2C)c1-c1cc([C@]2(O)C[C@H]3CC[C@@H](C2)O3)nc2c1cnn2C1=NN=CC1,True,515.6180000000003,3.5302000000000024,2,9,4,109.39000000000001,147.10549999999984,38,3,False,derivative,True
CNc1cccc(NC)c1-c1cc(-c2ccc(S(=O)(=O)C(C)C)cc2)c2cnn(C3=NN=CC3)c2n1,True,501.61600000000027,4.666900000000004,2,8,6,113.63000000000001,145.7571999999998,36,3,False,derivative,True
CNc1cccc(NC)c1-c1cc(-c2ccc(S(=O)(=O)C(C)C)cc2)nc2c1cnn2C1=NN=CC1,True,501.61600000000027,4.666900000000004,2,8,6,113.63,145.7571999999998,36,3,False,derivative,True
CNc1cccc(NC)c1-c1cc(-c2cnc(C#N)cn2)c2cnn(C3=NN=CC3)c2n1,True,422.45600000000013,3.1464800000000004,2,9,4,129.06,123.74040000000004,32,4,False,derivative,True
CNc1cccc(NC)c1-c1cc(-c2cnc(C#N)cn2)nc2c1cnn2C1=NN=CC1,True,422.45600000000013,3.1464800000000004,2,9,4,129.06,123.74040000000004,32,4,False,derivative,True
CNc1cccc(NC)c1-c1cc(-c2cncc3[nH]ccc23)c2cnn(C3=NN=CC3)c2n1,True,435.4950000000002,4.361100000000002,3,7,4,108.17,133.08709999999996,33,3,False,derivative,True
CNc1cccc(NC)c1-c1cc(-c2cncc3[nH]ccc23)nc2c1cnn2C1=NN=CC1,True,435.4950000000002,4.361100000000002,3,7,4,108.16999999999999,133.08709999999996,33,3,False,derivative,True
CNc1cccc(NC)c1-c1cc(C2([S@](C)(=N)=O)CC2)c2cnn(C3=NN=CC3)c2n1,True,436.54500000000024,3.4834700000000014,3,8,5,120.40999999999998,125.69750000000005,31,4,False,derivative,True
CNc1cccc(NC)c1-c1cc(C2([S@](C)(=N)=O)CC2)nc2c1cnn2C1=NN=CC1,True,436.54500000000024,3.4834700000000014,3,8,5,120.41,125.69750000000005,31,4,False,derivative,True
CNc1cccc(NC)c1-c1cc(N(C)C)c2cnn(C3=NN=CC3)c2n1,True,362.4410000000001,2.883800000000001,2,7,4,82.73,112.32640000000006,27,4,False,derivative,True
CNc1cccc(NC)c1-c1cc(N(C)C)nc2c1cnn2C1=NN=CC1,True,362.4410000000001,2.883800000000001,2,7,4,82.73,112.32640000000005,27,4,False,derivative,True
CNc1cccc(NC)c1-c1cc(N2CCOC[C@H]2C)c2cnn(C3=NN=CC3)c2n1,True,418.5050000000001,3.0429000000000013,2,8,4,91.96000000000001,125.62640000000006,31,4,False,derivative,True
CNc1cccc(NC)c1-c1cc(N2CCOC[C@H]2C)nc2c1cnn2C1=NN=CC1,True,418.5050000000001,3.0429000000000013,2,8,4,91.96000000000001,125.62640000000006,31,4,False,derivative,True
CNc1cccc(NC)c1-c1cc(NC)c2cnn(C3=NN=CC3)c2n1,True,348.4140000000001,2.8595000000000006,3,7,4,91.52,107.54610000000004,26,4,False,derivative,True
CNc1cccc(NC)c1-c1cc(OC)c2cnn(C3=NN=CC3)c2n1,True,349.3980000000001,2.8264000000000005,2,7,4,88.72,104.55140000000004,26,4,False,derivative,True
CNc1cccc(NC)c1-c1cc(OC)nc2c1cnn2C1=NN=CC1,True,349.3980000000001,2.8264000000000005,2,7,4,88.72,104.55140000000006,26,4,False,derivative,True
CNc1cccc(NC)c1-c1cc([C@]2(O)C[C@H]3CC[C@@H](C2)O3)c2cnn(C3=NN=CC3)c2n1,True,445.5270000000002,3.3468000000000018,3,8,4,108.95,129.02520000000004,33,4,False,derivative,True
CNc1cccc(NC)c1-c1cc([C@]2(O)C[C@H]3CC[C@@H](C2)O3)nc2c1cnn2C1=NN=CC1,True,445.5270000000002,3.3468000000000018,3,8,4,108.94999999999999,129.02520000000004,33,4,False,derivative,True
CNc1cccc(OC)c1-c1cc(-c2ccc(S(=O)(=O)C(C)C)cc2)c2cnn(C3=NN=CC3)c2n1,True,502.60000000000025,4.633800000000004,1,8,6,110.83,142.76249999999985,36,3,False,derivative,True
CNc1cccc(OC)c1-c1cc(-c2ccc(S(=O)(=O)C(C)C)cc2)nc2c1cnn2C1=NN=CC1,True,502.60000000000025,4.633800000000004,1,8,6,110.82999999999998,142.76249999999985,36,3,False,derivative,True
CNc1cccc(OC)c1-c1cc(-c2cnc(C#N)cn2)c2cnn(C3=NN=CC3)c2n1,True,423.4400000000001,3.113380000000001,1,9,4,126.26,120.74570000000003,32,4,False,derivative,True
CNc1cccc(OC)c1-c1cc(-c2cnc(C#N)cn2)nc2c1cnn2C1=NN=CC1,True,423.4400000000001,3.113380000000001,1,9,4,126.25999999999999,120.74570000000003,32,4,False,derivative,True
CNc1cccc(OC)c1-c1cc(-c2cncc3[nH]ccc23)c2cnn(C3=NN=CC3)c2n1,True,436.47900000000016,4.328000000000003,2,7,4,105.36999999999999,130.0924,33,3,False,derivative,True
CNc1cccc(OC)c1-c1cc(-c2cncc3[nH]ccc23)nc2c1cnn2C1=NN=CC1,True,436.47900000000016,4.328000000000003,2,7,4,105.37,130.0924,33,3,False,derivative,True
CNc1cccc(OC)c1-c1cc(C2([S@](C)(=N)=O)CC2)c2cnn(C3=NN=CC3)c2n1,True,437.5290000000002,3.4503700000000013,2,8,5,117.61,122.70280000000004,31,4,False,derivative,True
CNc1cccc(OC)c1-c1cc(C2([S@](C)(=N)=O)CC2)nc2c1cnn2C1=NN=CC1,True,437.5290000000002,3.450370000000002,2,8,5,117.60999999999999,122.70280000000005,31,4,False,derivative,True
CNc1cccc(OC)c1-c1cc(N(C)C)c2cnn(C3=NN=CC3)c2n1,True,363.42500000000007,2.8507000000000007,1,7,4,79.92999999999999,109.33170000000004,27,4,False,derivative,True
CNc1cccc(OC)c1-c1cc(N(C)C)nc2c1cnn2C1=NN=CC1,True,363.42500000000007,2.8507000000000007,1,7,4,79.92999999999999,109.33170000000004,27,4,False,derivative,True
CNc1cccc(OC)c1-c1cc(N2CCOC[C@H]2C)c2cnn(C3=NN=CC3)c2n1,True,419.4890000000001,3.009800000000001,1,8,4,89.16000000000001,122.63170000000005,31,4,False,derivative,True
CNc1cccc(OC)c1-c1cc(N2CCOC[C@H]2C)nc2c1cnn2C1=NN=CC1,True,419.4890000000001,3.009800000000001,1,8,4,89.16,122.63170000000005,31,4,False,derivative,True
CNc1cccc(OC)c1-c1cc(NC)c2cnn(C3=NN=CC3)c2n1,True,349.3980000000001,2.8264000000000005,2,7,4,88.72,104.55140000000003,26,4,False,derivative,True
CNc1cccc(OC)c1-c1cc(OC)c2cnn(C3=NN=CC3)c2n1,True,350.38200000000006,2.7933000000000003,1,7,4,85.92,101.55670000000003,26,4,False,derivative,True
CNc1cccc(OC)c1-c1cc(OC)nc2c1cnn2C1=NN=CC1,True,350.38200000000006,2.7933000000000012,1,7,4,85.92,101.55670000000005,26,4,False,derivative,True
CNc1cccc(OC)c1-c1cc([C@]2(O)C[C@H]3CC[C@@H](C2)O3)c2cnn(C3=NN=CC3)c2n1,True,446.5110000000002,3.3137000000000016,2,8,4,106.14999999999999,126.03050000000005,33,4,False,derivative,True
CNc1cccc(OC)c1-c1cc([C@]2(O)C[C@H]3CC[C@@H](C2)O3)nc2c1cnn2C1=NN=CC1,True,446.5110000000002,3.3137000000000016,2,8,4,106.15,126.03050000000006,33,4,False,derivative,True
CNc1cccc([C@]2(O)C[C@H]3CC[C@@H](C2)O3)c1-c1cc(-c2cncc3[nH]ccc23)c2cnn(C3=NN=CC3)c2n1,True,532.6080000000001,4.848400000000003,3,8,4,125.59999999999998,154.56619999999975,40,3,False,derivative,True
CNc1cccc([C@]2(O)C[C@H]3CC[C@@H](C2)O3)c1-c1cc(-c2cncc3[nH]ccc23)nc2c1cnn2C1=NN=CC1,True,532.6080000000001,4.848400000000003,3,8,4,125.6,154.56619999999975,40,3,False,derivative,True
CNc1cccc([C@]2(O)C[C@H]3CC[C@@H](C2)O3)c1-c1cc(C2([S@](C)(=N)=O)CC2)c2cnn(C3=NN=CC3)c2n1,True,533.6580000000001,3.9707700000000026,3,9,5,137.83999999999997,147.1765999999998,38,2,False,derivative,False
CNc1cccc([C@]2(O)C[C@H]3CC[C@@H](C2)O3)c1-c1cc(C2([S@](C)(=N)=O)CC2)nc2c1cnn2C1=NN=CC1,True,533.6580000000001,3.9707700000000026,3,9,5,137.84,147.1765999999998,38,2,False,derivative,False
CNc1cccc([C@]2(O)C[C@H]3CC[C@@H](C2)O3)c1-c1cc(N(C)C)c2cnn(C3=NN=CC3)c2n1,True,459.55400000000014,3.371100000000002,2,8,4,100.16,133.80549999999997,34,3,False,derivative,True
CNc1cccc([C@]2(O)C[C@H]3CC[C@@H](C2)O3)c1-c1cc(N(C)C)nc2c1cnn2C1=NN=CC1,True,459.55400000000014,3.371100000000002,2,8,4,100.16,133.80549999999997,34,3,False,derivative,True
CNc1cccc([C@]2(O)C[C@H]3CC[C@@H](C2)O3)c1-c1cc(N2CCOC[C@H]2C)c2cnn(C3=NN=CC3)c2n1,True,515.6180000000003,3.5302000000000024,2,9,4,109.39,147.10549999999978,38,3,False,derivative,True
CNc1cccc([C@]2(O)C[C@H]3CC[C@@H](C2)O3)c1-c1cc(N2CCOC[C@H]2C)nc2c1cnn2C1=NN=CC1,True,515.6180000000002,3.5302000000000024,2,9,4,109.38999999999999,147.10549999999978,38,3,False,derivative,True
CNc1cccc([C@]2(O)C[C@H]3CC[C@@H](C2)O3)c1-c1cc(NC)c2cnn(C3=NN=CC3)c2n1,True,445.5270000000001,3.3468000000000018,3,8,4,108.95,129.02520000000004,33,4,False,derivative,True
CNc1cccc([C@]2(O)C[C@H]3CC[C@@H](C2)O3)c1-c1cc(OC)c2cnn(C3=NN=CC3)c2n1,True,446.51100000000014,3.3137000000000016,2,8,4,106.14999999999999,126.03050000000005,33,4,False,derivative,True
CNc1cccc([C@]2(O)C[C@H]3CC[C@@H](C2)O3)c1-c1cc(OC)nc2c1cnn2C1=NN=CC1,True,446.51100000000014,3.3137000000000016,2,8,4,106.15,126.03050000000005,33,4,False,derivative,True
CNc1cccc([C@]2(O)C[C@H]3CC[C@@H](C2)O3)c1-c1cc([C@]2(O)C[C@H]3CC[C@@H](C2)O3)c2cnn(C3=NN=CC3)c2n1,True,542.6400000000001,3.834100000000003,3,9,4,126.38000000000001,150.50429999999977,40,3,False,derivative,True
CNc1cccc([C@]2(O)C[C@H]3CC[C@@H](C2)O3)c1-c1cc([C@]2(O)C[C@H]3CC[C@@H](C2)O3)nc2c1cnn2C1=NN=CC1,True,542.6400000000002,3.834100000000003,3,9,4,126.38,150.50429999999977,40,3,False,derivative,True
CNc1nc(-c2cc(C3([S@](C)(=N)=O)CC3)nc3c2cnn3C2=NN=CC2)cc(N(C)C)n1,True,452.5480000000002,2.29777,2,10,5,137.4,126.06780000000005,32,3,False,derivative,True
COC[C@@H](C)Nc1cc(C2([S@](C)(=N)=O)CC2)nc2c1cnn2C1=NN=CC1,True,389.4850000000001,2.17987,2,8,6,117.60999999999999,106.12880000000006,27,4,False,derivative,True
COC[C@@H](C)Nc1cc([C@]2(O)C[C@H]3CC[C@@H](C2)O3)nc2c1cnn2C1=NN=CC1,True,398.4670000000001,2.0431999999999997,2,8,5,106.15,109.45650000000006,29,4,False,derivative,True
COC[C@@H](C)Oc1cc(C2([S@](C)(=N)=O)CC2)nc2c1cnn2C1=NN=CC1,True,390.4690000000001,2.14677,1,8,6,114.81,103.13410000000005,27,4,False,derivative,True
COCc1cc(-c2cc(C3([S@](C)(=N)=O)CC3)nc3c2cnn3C2=NN=CC2)[nH]n1,True,412.4790000000001,2.26957,2,8,5,134.26,109.46280000000004,29,3,False,derivative,True
COCc1cc(-c2cc(C3([S@](C)(=N)=O)CC3)nc3c2cnn3C2=NN=CC2)n[nH]1,True,412.4790000000001,2.26957,2,8,5,134.26000000000002,109.46280000000004,29,3,False,derivative,True
COCc1cc(-c2cc(C3([S@](C)(=N)=O)CC3)nc3c2cnn3C2=NN=CC2)no1,True,413.46300000000014,2.5344700000000007,1,9,5,131.61,107.37810000000005,29,3,False,derivative,True
COCc1cc(-c2cc(C3([S@](C)(=N)=O)CC3)nc3c2cnn3C2=NN=CC2)on1,True,413.46300000000014,2.5344700000000007,1,9,5,131.61,107.37810000000005,29,3,False,derivative,True
COCc1cc(-c2cc(N(C)C)c3cnn(C4=NN=CC4)c3n2)nc2c1cnn2C1=NN=CC1,True,455.4860000000002,2.3276000000000003,0,10,4,123.33000000000001,130.97400000000002,34,3,False,derivative,True
COCc1cc(-c2cc(OC)c3cnn(C4=NN=CC4)c3n2)nc2c1cnn2C1=NN=CC1,True,442.4430000000002,2.2702,0,10,4,129.32,123.19900000000003,33,4,False,derivative,True
COCc1cc(-c2cc([C@]3(O)C[C@H]4CC[C@@H](C3)O4)nc3c2cnn3C2=NN=CC2)[nH]n1,True,421.46100000000007,2.1329,2,8,4,122.8,112.79050000000005,31,4,False,derivative,True
COCc1cc(-c2cc([C@]3(O)C[C@H]4CC[C@@H](C3)O4)nc3c2cnn3C2=NN=CC2)n[nH]1,True,421.46100000000007,2.1329,2,8,4,122.80000000000001,112.79050000000005,31,4,False,derivative,True
COCc1cc(-c2cc([C@]3(O)C[C@H]4CC[C@@H](C3)O4)nc3c2cnn3C2=NN=CC2)no1,True,422.4450000000001,2.3978,1,9,4,120.15,110.70580000000005,31,4,False,derivative,True
COCc1cc(-c2cc([C@]3(O)C[C@H]4CC[C@@H](C3)O4)nc3c2cnn3C2=NN=CC2)on1,True,422.4450000000001,2.3978,1,9,4,120.15,110.70580000000005,31,4,False,derivative,True
COCc1cc(C2([S@](C)(=N)=O)CC2)nc2c1cnn2C1=NN=CC1,True,346.41600000000005,1.87947,1,7,4,105.58000000000001,91.88110000000003,24,4,False,derivative,True
COCc1ccc(-c2cc(C3([S@](C)(=N)=O)CC3)nc3c2cnn3C2=NN=CC2)cc1,True,422.5140000000001,3.546470000000002,1,7,5,105.58000000000001,117.31710000000002,30,4,False,derivative,True
COCc1ccc(-c2cc([C@]3(O)C[C@H]4CC[C@@H](C3)O4)nc3c2cnn3C2=NN=CC2)cc1,True,431.4960000000001,3.4098000000000024,1,7,4,94.12,120.64480000000003,32,4,False,derivative,True
CO[C@H](C)CNc1cc(C2([S@](C)(=N)=O)CC2)nc2c1cnn2C1=NN=CC1,True,389.4850000000001,2.17987,2,8,6,117.60999999999999,106.12880000000006,27,4,False,derivative,True
CO[C@H](C)CNc1cc([C@]2(O)C[C@H]3CC[C@@H](C2)O3)nc2c1cnn2C1=NN=CC1,True,398.4670000000001,2.0431999999999997,2,8,5,106.15,109.45650000000006,29,4,False,derivative,True
CO[C@H](C)COc1cc(C2([S@](C)(=N)=O)CC2)nc2c1cnn2C1=NN=CC1,True,390.4690000000001,2.14677,1,8,6,114.81,103.13410000000005,27,4,False,derivative,True
COc1c(-c2cc(C3([S@](C)(=N)=O)CC3)nc3c2cnn3C2=NN=CC2)cccc1N(C)C,True,451.55600000000015,3.4746700000000024,1,8,5,108.82000000000001,127.48310000000004,32,4,False,derivative,True
COc1c(-c2cc(C3([S@](C)(=N)=O)CC3)nc3c2cnn3C2=NN=CC2)cccc1N1CCOC[C@H]1C,True,507.6200000000003,3.633770000000003,1,9,5,118.05000000000001,140.78309999999985,36,3,False,derivative,True
COc1c(-c2cc(C3([S@](C)(=N)=O)CC3)nc3c2cnn3C2=NN=CC2)cccc1[C@]1(O)C[C@H]2CC[C@@H](C1)O2,True,534.6420000000003,3.9376700000000033,2,9,5,135.04000000000002,144.18189999999984,38,2,False,derivative,False
COc1c(-c2cc([C@]3(O)C[C@H]4CC[C@@H](C3)O4)nc3c2cnn3C2=NN=CC2)cccc1C1([S@](C)(=N)=O)CC1,True,534.642,3.9376700000000033,2,9,5,135.04,144.18189999999984,38,2,False,derivative,False
COc1c(-c2cc([C@]3(O)C[C@H]4CC[C@@H](C3)O4)nc3c2cnn3C2=NN=CC2)cccc1N(C)C,True,460.5380000000001,3.338000000000002,1,8,4,97.36,130.8108,34,3,False,derivative,True
COc1c(-c2cc([C@]3(O)C[C@H]4CC[C@@H](C3)O4)nc3c2cnn3C2=NN=CC2)cccc1N1CCOC[C@H]1C,True,516.6020000000002,3.4971000000000023,1,9,4,106.59,144.1107999999998,38,3,False,derivative,True
COc1c(-c2cc([C@]3(O)C[C@H]4CC[C@@H](C3)O4)nc3c2cnn3C2=NN=CC2)cccc1[C@]1(O)C[C@H]2CC[C@@H](C1)O2,True,543.6240000000003,3.801000000000003,2,9,4,123.58000000000001,147.50959999999978,40,3,False,derivative,True
COc1c(-c2cncc3[nH]ccc23)cccc1-c1cc(C2([S@](C)(=N)=O)CC2)nc2c1cnn2C1=NN=CC1,True,524.6100000000002,4.951970000000004,2,8,5,134.26,148.24379999999982,38,2,False,derivative,False
COc1c(-c2cncc3[nH]ccc23)cccc1-c1cc([C@]2(O)C[C@H]3CC[C@@H](C2)O3)nc2c1cnn2C1=NN=CC1,True,533.5920000000003,4.815300000000004,2,8,4,122.80000000000001,151.5714999999998,40,3,False,derivative,True
COc1cc(-c2c(-c3ccc(S(=O)(=O)C(C)C)cc3)cccc2N(C)C)c2cnn(C3=NN=CC3)c2n1,True,516.6270000000002,4.658100000000004,0,8,6,102.04,147.5427999999998,37,3,False,derivative,True
COc1cc(-c2c(-c3ccc(S(=O)(=O)C(C)C)cc3)cccc2N(C)C)nc2c1cnn2C1=NN=CC1,True,516.6270000000002,4.658100000000004,0,8,6,102.04000000000002,147.5427999999998,37,3,False,derivative,True
COc1cc(-c2c(-c3ccc(S(=O)(=O)C(C)C)cc3)cccc2N2CCOC[C@H]2C)c2cnn(C3=NN=CC3)c2n1,True,572.6910000000001,4.817200000000004,0,9,6,111.27,160.8427999999996,41,3,False,derivative,True
COc1cc(-c2c(-c3ccc(S(=O)(=O)C(C)C)cc3)cccc2N2CCOC[C@H]2C)nc2c1cnn2C1=NN=CC1,True,572.6910000000001,4.817200000000004,0,9,6,111.27000000000001,160.8427999999996,41,3,False,derivative,True
COc1cc(-c2c(-c3cnc(C#N)cn3)cccc2N(C)C)c2cnn(C3=NN=CC3)c2n1,True,437.4670000000002,3.1376800000000014,0,9,4,117.47000000000001,125.52600000000005,33,4,False,derivative,True
COc1cc(-c2c(-c3cnc(C#N)cn3)cccc2N(C)C)nc2c1cnn2C1=NN=CC1,True,437.4670000000002,3.1376800000000014,0,9,4,117.47,125.52600000000005,33,4,False,derivative,True
COc1cc(-c2c(-c3cnc(C#N)cn3)cccc2N2CCOC[C@H]2C)c2cnn(C3=NN=CC3)c2n1,True,493.53100000000035,3.296780000000001,0,10,4,126.7,138.8259999999999,37,3,False,derivative,True
COc1cc(-c2c(-c3cnc(C#N)cn3)cccc2N2CCOC[C@H]2C)nc2c1cnn2C1=NN=CC1,True,493.53100000000035,3.296780000000001,0,10,4,126.69999999999999,138.8259999999999,37,3,False,derivative,True
COc1cc(-c2c(-c3cncc4[nH]ccc34)cccc2C2([S@](C)(=N)=O)CC2)c2cnn(C3=NN=CC3)c2n1,True,524.6100000000004,4.951970000000004,2,8,5,134.26,148.24379999999982,38,2,False,derivative,False
COc1cc(-c2c(-c3cncc4[nH]ccc34)cccc2C2([S@](C)(=N)=O)CC2)nc2c1cnn2C1=NN=CC1,True,524.6100000000002,4.951970000000004,2,8,5,134.26,148.24379999999982,38,2,False,derivative,False
COc1cc(-c2c(-c3cncc4[nH]ccc34)cccc2N(C)C)c2cnn(C3=NN=CC3)c2n1,True,450.50600000000026,4.352300000000003,1,7,4,96.58,134.87269999999995,34,3,False,derivative,True
COc1cc(-c2c(-c3cncc4[nH]ccc34)cccc2N(C)C)nc2c1cnn2C1=NN=CC1,True,450.50600000000026,4.352300000000003,1,7,4,96.58000000000001,134.87269999999995,34,3,False,derivative,True
COc1cc(-c2c(-c3cncc4[nH]ccc34)cccc2N2CCOC[C@H]2C)c2cnn(C3=NN=CC3)c2n1,True,506.5700000000004,4.511400000000004,1,8,4,105.80999999999999,148.1726999999998,38,3,False,derivative,True
COc1cc(-c2c(-c3cncc4[nH]ccc34)cccc2N2CCOC[C@H]2C)nc2c1cnn2C1=NN=CC1,True,506.5700000000004,4.511400000000004,1,8,4,105.81,148.1726999999998,38,3,False,derivative,True
COc1cc(-c2c(-c3cncc4[nH]ccc34)cccc2[C@]2(O)C[C@H]3CC[C@@H](C2)O3)c2cnn(C3=NN=CC3)c2n1,True,533.5920000000003,4.815300000000004,2,8,4,122.8,151.57149999999976,40,3,False,derivative,True
COc1cc(-c2c(-c3cncc4[nH]ccc34)cccc2[C@]2(O)C[C@H]3CC[C@@H](C2)O3)nc2c1cnn2C1=NN=CC1,True,533.5920000000003,4.815300000000004,2,8,4,122.80000000000001,151.57149999999976,40,3,False,derivative,True
COc1cc(-c2c(C3([S@](C)(=N)=O)CC3)cccc2[C@]2(O)C[C@H]3CC[C@@H](C2)O3)c2cnn(C3=NN=CC3)c2n1,True,534.6420000000003,3.9376700000000024,2,9,5,135.04000000000002,144.18189999999984,38,2,False,derivative,False
COc1cc(-c2c(C3([S@](C)(=N)=O)CC3)cccc2[C@]2(O)C[C@H]3CC[C@@H](C2)O3)nc2c1cnn2C1=NN=CC1,True,534.6420000000003,3.9376700000000033,2,9,5,135.04,144.18189999999984,38,2,False,derivative,False
COc1cc(-c2c(N(C)C)cccc2C2([S@](C)(=N)=O)CC2)c2cnn(C3=NN=CC3)c2n1,True,451.55600000000027,3.4746700000000024,1,8,5,108.82000000000001,127.48310000000005,32,4,False,derivative,True
COc1cc(-c2c(N(C)C)cccc2C2([S@](C)(=N)=O)CC2)nc2c1cnn2C1=NN=CC1,True,451.55600000000027,3.4746700000000024,1,8,5,108.82,127.48310000000005,32,4,False,derivative,True
COc1cc(-c2c(N(C)C)cccc2N(C)C)c2cnn(C3=NN=CC3)c2n1,True,377.4520000000001,2.8750000000000018,0,7,4,71.14,114.11200000000007,28,4,False,derivative,True
COc1cc(-c2c(N(C)C)cccc2N(C)C)nc2c1cnn2C1=NN=CC1,True,377.45200000000017,2.8750000000000018,0,7,4,71.14,114.11200000000005,28,4,False,derivative,True
COc1cc(-c2c(N(C)C)cccc2N2CCOC[C@H]2C)c2cnn(C3=NN=CC3)c2n1,True,433.5160000000002,3.0341000000000014,0,8,4,80.36999999999999,127.41200000000006,32,4,False,derivative,True
COc1cc(-c2c(N(C)C)cccc2N2CCOC[C@H]2C)nc2c1cnn2C1=NN=CC1,True,433.5160000000002,3.0341000000000014,0,8,4,80.36999999999999,127.41200000000006,32,4,False,derivative,True
COc1cc(-c2c(N(C)C)cccc2[C@]2(O)C[C@H]3CC[C@@H](C2)O3)c2cnn(C3=NN=CC3)c2n1,True,460.5380000000003,3.338000000000002,1,8,4,97.36000000000001,130.81080000000003,34,3,False,derivative,True
COc1cc(-c2c(N(C)C)cccc2[C@]2(O)C[C@H]3CC[C@@H](C2)O3)nc2c1cnn2C1=NN=CC1,True,460.5380000000003,3.338000000000002,1,8,4,97.36000000000001,130.81080000000003,34,3,False,derivative,True
COc1cc(-c2c(N3CCOC[C@H]3C)cccc2C2([S@](C)(=N)=O)CC2)c2cnn(C3=NN=CC3)c2n1,True,507.62000000000023,3.633770000000002,1,9,5,118.05,140.78309999999993,36,3,False,derivative,True
COc1cc(-c2c(N3CCOC[C@H]3C)cccc2C2([S@](C)(=N)=O)CC2)nc2c1cnn2C1=NN=CC1,True,507.62000000000023,3.633770000000002,1,9,5,118.05000000000001,140.78309999999993,36,3,False,derivative,True
COc1cc(-c2c(N3CCOC[C@H]3C)cccc2N2CCOC[C@H]2C)c2cnn(C3=NN=CC3)c2n1,True,489.5800000000003,3.193200000000002,0,9,4,89.6,140.71199999999988,36,3,False,derivative,True
COc1cc(-c2c(N3CCOC[C@H]3C)cccc2N2CCOC[C@H]2C)nc2c1cnn2C1=NN=CC1,True,489.5800000000003,3.193200000000002,0,9,4,89.6,140.71199999999988,36,3,False,derivative,True
COc1cc(-c2c(N3CCOC[C@H]3C)cccc2[C@]2(O)C[C@H]3CC[C@@H](C2)O3)c2cnn(C3=NN=CC3)c2n1,True,516.6020000000003,3.4971000000000023,1,9,4,106.59000000000002,144.11079999999987,38,3,False,derivative,True
COc1cc(-c2c(N3CCOC[C@H]3C)cccc2[C@]2(O)C[C@H]3CC[C@@H](C2)O3)nc2c1cnn2C1=NN=CC1,True,516.6020000000002,3.4971000000000023,1,9,4,106.59,144.11079999999987,38,3,False,derivative,True
COc1cc(-c2c(OC)cccc2-c2ccc(S(=O)(=O)C(C)C)cc2)c2cnn(C3=NN=CC3)c2n1,True,503.5840000000003,4.600700000000003,0,8,6,108.03000000000002,139.76779999999988,36,3,False,derivative,True
COc1cc(-c2c(OC)cccc2-c2cnc(C#N)cn2)c2cnn(C3=NN=CC3)c2n1,True,424.42400000000015,3.080280000000001,0,9,4,123.46,117.75100000000003,32,4,False,derivative,True
COc1cc(-c2c(OC)cccc2-c2cncc3[nH]ccc23)c2cnn(C3=NN=CC3)c2n1,True,437.4630000000002,4.294900000000003,1,7,4,102.57000000000001,127.09770000000005,33,4,False,derivative,True
COc1cc(-c2c(OC)cccc2C2([S@](C)(=N)=O)CC2)c2cnn(C3=NN=CC3)c2n1,True,438.51300000000026,3.417270000000001,1,8,5,114.81000000000002,119.70810000000004,31,4,False,derivative,True
COc1cc(-c2c(OC)cccc2N(C)C)c2cnn(C3=NN=CC3)c2n1,True,364.4090000000001,2.8176000000000005,0,7,4,77.13000000000001,106.33700000000005,27,4,False,derivative,True
COc1cc(-c2c(OC)cccc2N2CCOC[C@H]2C)c2cnn(C3=NN=CC3)c2n1,True,420.4730000000001,2.976700000000001,0,8,4,86.36,119.63700000000006,31,4,False,derivative,True
COc1cc(-c2c(OC)cccc2OC)c2cnn(C3=NN=CC3)c2n1,True,351.3660000000001,2.7602,0,7,4,83.11999999999999,98.56200000000004,26,4,False,derivative,True
COc1cc(-c2c(OC)cccc2[C@]2(O)C[C@H]3CC[C@@H](C2)O3)c2cnn(C3=NN=CC3)c2n1,True,447.49500000000023,3.2806000000000015,1,8,4,103.35000000000001,123.03580000000005,33,4,False,derivative,True
COc1cc(-c2c([C@]3(O)C[C@H]4CC[C@@H](C3)O4)cccc2[C@]2(O)C[C@H]3CC[C@@H](C2)O3)c2cnn(C3=NN=CC3)c2n1,True,543.6240000000001,3.801000000000003,2,9,4,123.58,147.5095999999998,40,3,False,derivative,True
COc1cc(-c2c([C@]3(O)C[C@H]4CC[C@@H](C3)O4)cccc2[C@]2(O)C[C@H]3CC[C@@H](C2)O3)nc2c1cnn2C1=NN=CC1,True,543.6240000000003,3.801000000000003,2,9,4,123.58000000000001,147.5095999999998,40,3,False,derivative,True
COc1cc(-c2cc(-c3ccc(N(C)C)cc3)c3cnn(C4=NN=CC4)c3n2)nc2c1cnn2C1=NN=CC1,True,517.5570000000001,3.8568000000000024,0,10,4,123.33000000000001,152.24899999999974,39,3,False,derivative,True
COc1cc(-c2cc(C3([S@](C)(=N)=O)CC3)nc3c2cnn3C2=NN=CC2)[nH]n1,True,398.45200000000006,2.13177,2,8,4,134.26,105.30180000000004,28,3,False,derivative,True
COc1cc(-c2cc(C3([S@](C)(=N)=O)CC3)nc3c2cnn3C2=NN=CC2)n[nH]1,True,398.45200000000006,2.13177,2,8,4,134.26000000000002,105.30180000000004,28,3,False,derivative,True
COc1cc(-c2cc(C3([S@](C)(=N)=O)CC3)nc3c2cnn3C2=NN=CC2)nc(N(C)C)n1,True,453.53200000000015,2.2646700000000006,1,10,5,134.60000000000002,123.07310000000007,32,3,False,derivative,True
COc1cc(-c2cc(C3([S@](C)(=N)=O)CC3)nc3c2cnn3C2=NN=CC2)no1,True,399.4360000000001,2.3966700000000003,1,9,4,131.61,103.21710000000004,28,3,False,derivative,True
COc1cc(-c2cc(C3([S@](C)(=N)=O)CC3)nc3c2cnn3C2=NN=CC2)on1,True,399.4360000000001,2.3966700000000003,1,9,4,131.61,103.21710000000004,28,3,False,derivative,True
COc1cc(-c2cc(CN(C)C)c3cnn(C4=NN=CC4)c3n2)nc2c1cnn2C1=NN=CC1,True,455.4860000000002,2.1853999999999996,0,10,4,123.33000000000001,129.877,34,4,False,derivative,True
COc1cc(-c2cc(N(C)C)c3cnn(C4=NN=CC4)c3n2)nc2c1cnn2C1=NN=CC1,True,441.45900000000023,2.1898,0,10,3,123.33000000000001,126.81300000000005,33,4,False,derivative,True
COc1cc(-c2cc(N3CCOC[C@H]3C)c3cnn(C4=NN=CC4)c3n2)nc2c1cnn2C1=NN=CC1,True,497.5230000000002,2.3489000000000004,0,11,3,132.56,140.1129999999999,37,2,False,derivative,False
COc1cc(-c2cc(OC)c3cnn(C4=NN=CC4)c3n2)nc2c1cnn2C1=NN=CC1,True,428.41600000000017,2.1323999999999996,0,10,3,129.32,119.03800000000003,32,4,False,derivative,True
COc1cc(-c2cc([C@]3(O)C[C@H]4CC[C@@H](C3)O4)nc3c2cnn3C2=NN=CC2)[nH]n1,True,407.4340000000001,1.9950999999999999,2,8,3,122.8,108.62950000000005,30,4,False,derivative,True
COc1cc(-c2cc([C@]3(O)C[C@H]4CC[C@@H](C3)O4)nc3c2cnn3C2=NN=CC2)n[nH]1,True,407.4340000000001,1.9950999999999999,2,8,3,122.80000000000001,108.62950000000005,30,4,False,derivative,True
COc1cc(-c2cc([C@]3(O)C[C@H]4CC[C@@H](C3)O4)nc3c2cnn3C2=NN=CC2)nc(OC)n1,True,449.4710000000002,2.0705999999999998,1,10,4,129.13,118.62580000000005,33,4,False,derivative,True
COc1cc(-c2cc([C@]3(O)C[C@H]4CC[C@@H](C3)O4)nc3c2cnn3C2=NN=CC2)no1,True,408.4180000000001,2.26,1,9,3,120.15,106.54480000000005,30,4,False,derivative,True
COc1cc(-c2cc([C@]3(O)C[C@H]4CC[C@@H](C3)O4)nc3c2cnn3C2=NN=CC2)on1,True,408.4180000000001,2.26,1,9,3,120.15,106.54480000000005,30,4,False,derivative,True
COc1cc(-c2ccc(-c3cc(C4([S@](C)(=N)=O)CC4)nc4c3cnn4C3=NN=CC3)cc2)[nH]n1,True,474.55000000000024,3.798770000000002,2,8,5,134.26,130.73780000000002,34,2,False,derivative,False
COc1cc(-c2ccc(-c3cc(C4([S@](C)(=N)=O)CC4)nc4c3cnn4C3=NN=CC3)cc2)n[nH]1,True,474.55000000000024,3.798770000000002,2,8,5,134.26000000000002,130.73780000000002,34,2,False,derivative,False
COc1cc(-c2ccc(-c3cc(C4([S@](C)(=N)=O)CC4)nc4c3cnn4C3=NN=CC3)cc2)no1,True,475.5340000000003,4.063670000000003,1,9,5,131.61,128.65310000000002,34,3,False,derivative,True
COc1cc(-c2ccc(-c3cc(C4([S@](C)(=N)=O)CC4)nc4c3cnn4C3=NN=CC3)cc2)on1,True,475.5340000000003,4.063670000000003,1,9,5,131.61,128.65310000000002,34,3,False,derivative,True
COc1cc(-c2ccc(-c3cc([C@]4(O)C[C@H]5CC[C@@H](C4)O5)nc4c3cnn4C3=NN=CC3)cc2)[nH]n1,True,483.53200000000015,3.6621000000000015,2,8,4,122.8,134.0655,36,3,False,derivative,True
COc1cc(-c2ccc(-c3cc([C@]4(O)C[C@H]5CC[C@@H](C4)O5)nc4c3cnn4C3=NN=CC3)cc2)n[nH]1,True,483.53200000000015,3.6621000000000015,2,8,4,122.80000000000001,134.0655,36,3,False,derivative,True
COc1cc(-c2ccc(-c3cc([C@]4(O)C[C@H]5CC[C@@H](C4)O5)nc4c3cnn4C3=NN=CC3)cc2)no1,True,484.5160000000002,3.9270000000000023,1,9,4,120.15,131.9808,36,3,False,derivative,True
COc1cc(-c2ccc(-c3cc([C@]4(O)C[C@H]5CC[C@@H](C4)O5)nc4c3cnn4C3=NN=CC3)cc2)on1,True,484.5160000000002,3.9270000000000023,1,9,4,120.15,131.9808,36,3,False,derivative,True
COc1cc(C2([S@](C)(=N)=O)CC2)nc2c1cnn2C1=NN=CC1,True,332.38900000000007,1.7416699999999998,1,7,3,105.58000000000001,87.72010000000003,23,4,False,derivative,True
COc1cc(N(C)C)nc(-c2cc(C3([S@](C)(=N)=O)CC3)nc3c2cnn3C2=NN=CC2)n1,True,453.53200000000027,2.2646699999999997,1,10,5,134.60000000000002,123.07310000000004,32,3,False,derivative,True
COc1cc(Nc2cc([C@]3(O)C[C@H]4CC[C@@H](C3)O4)nc3c2cnn3C2=NN=CC2)[nH]n1,True,422.44900000000007,2.0717,3,9,4,134.82999999999998,112.91820000000004,31,3,False,derivative,True
COc1cc(Nc2cc([C@]3(O)C[C@H]4CC[C@@H](C3)O4)nc3c2cnn3C2=NN=CC2)n[nH]1,True,422.44900000000007,2.0717,3,9,4,134.83,112.91820000000004,31,3,False,derivative,True
COc1cc(Nc2cc([C@]3(O)C[C@H]4CC[C@@H](C3)O4)nc3c2cnn3C2=NN=CC2)no1,True,423.4330000000001,2.3366,2,10,4,132.18,110.83350000000004,31,3,False,derivative,True
COc1cc(Nc2cc([C@]3(O)C[C@H]4CC[C@@H](C3)O4)nc3c2cnn3C2=NN=CC2)on1,True,423.4330000000001,2.3366,2,10,4,132.18,110.83350000000004,31,3,False,derivative,True
COc1cc([C@]2(O)C[C@H]3CC[C@@H](C2)O3)nc2c1cnn2C1=NN=CC1,True,341.37100000000004,1.6049999999999998,1,7,2,94.12,91.04780000000004,25,4,False,derivative,True
COc1ccc(-c2cc(-c3cc(C4([S@](C)(=N)=O)CC4)nc4c3cnn4C3=NN=CC3)[nH]n2)cc1,True,474.55000000000024,3.798770000000002,2,8,5,134.26,130.7378,34,2,False,derivative,False
COc1ccc(-c2cc(-c3cc(C4([S@](C)(=N)=O)CC4)nc4c3cnn4C3=NN=CC3)n[nH]2)cc1,True,474.55000000000024,3.798770000000002,2,8,5,134.26000000000002,130.7378,34,2,False,derivative,False
COc1ccc(-c2cc(-c3cc(C4([S@](C)(=N)=O)CC4)nc4c3cnn4C3=NN=CC3)no2)cc1,True,475.5340000000003,4.063670000000003,1,9,5,131.61,128.65310000000002,34,3,False,derivative,True
COc1ccc(-c2cc(-c3cc(C4([S@](C)(=N)=O)CC4)nc4c3cnn4C3=NN=CC3)on2)cc1,True,475.5340000000003,4.063670000000003,1,9,5,131.61,128.65310000000002,34,3,False,derivative,True
COc1ccc(-c2cc(-c3cc(N(C)C)c4cnn(C5=NN=CC5)c4n3)nc3c2cnn3C2=NN=CC2)cc1,True,517.5570000000002,3.8568000000000024,0,10,4,123.33000000000001,152.2489999999997,39,3,False,derivative,True
COc1ccc(-c2cc(-c3cc(OC)c4cnn(C5=NN=CC5)c4n3)nc3c2cnn3C2=NN=CC2)cc1,True,504.51400000000024,3.799400000000002,0,10,4,129.32,144.47399999999982,38,3,False,derivative,True
COc1ccc(-c2cc(-c3cc([C@]4(O)C[C@H]5CC[C@@H](C4)O5)nc4c3cnn4C3=NN=CC3)[nH]n2)cc1,True,483.53200000000015,3.6621000000000015,2,8,4,122.8,134.0655,36,3,False,derivative,True
COc1ccc(-c2cc(-c3cc([C@]4(O)C[C@H]5CC[C@@H](C4)O5)nc4c3cnn4C3=NN=CC3)n[nH]2)cc1,True,483.53200000000015,3.6621000000000015,2,8,4,122.80000000000001,134.0655,36,3,False,derivative,True
COc1ccc(-c2cc(-c3cc([C@]4(O)C[C@H]5CC[C@@H](C4)O5)nc4c3cnn4C3=NN=CC3)no2)cc1,True,484.5160000000002,3.9270000000000023,1,9,4,120.15,131.9808,36,3,False,derivative,True
COc1ccc(-c2cc(-c3cc([C@]4(O)C[C@H]5CC[C@@H](C4)O5)nc4c3cnn4C3=NN=CC3)on2)cc1,True,484.5160000000002,3.9270000000000023,1,9,4,120.15,131.9808,36,3,False,derivative,True
COc1ccc(-c2cc(C3([S@](C)(=N)=O)CC3)nc3c2cnn3C2=NN=CC2)cc1,True,408.48700000000014,3.4086700000000016,1,7,4,105.58000000000001,113.15610000000004,29,4,False,derivative,True
COc1ccc(-c2cc([C@]3(O)C[C@H]4CC[C@@H](C3)O4)nc3c2cnn3C2=NN=CC2)cc1,True,417.4690000000001,3.272000000000001,1,7,3,94.12,116.48380000000004,31,4,False,derivative,True
COc1ccc(-c2ccc(-c3cc(C4([S@](C)(=N)=O)CC4)nc4c3cnn4C3=NN=CC3)cc2)cc1,True,484.58500000000026,5.075670000000004,1,7,5,105.58000000000001,138.59209999999987,35,3,False,derivative,True
COc1ccc(-c2ccc(-c3cc([C@]4(O)C[C@H]5CC[C@@H](C4)O5)nc4c3cnn4C3=NN=CC3)cc2)cc1,True,493.5670000000002,4.9390000000000045,1,7,4,94.12,141.91979999999984,37,3,False,derivative,True
COc1ccc(Nc2cc(C3([S@](C)(=N)=O)CC3)nc3c2cnn3C2=NN=CC2)cc1,True,423.5020000000001,3.4852700000000016,2,8,5,117.60999999999999,117.44480000000003,30,4,False,derivative,True
COc1ccc(Nc2cc([C@]3(O)C[C@H]4CC[C@@H](C3)O4)nc3c2cnn3C2=NN=CC2)cc1,True,432.4840000000001,3.348600000000002,2,8,4,106.15,120.77250000000004,32,4,False,derivative,True
COc1ccc(Oc2cc(C3([S@](C)(=N)=O)CC3)nc3c2cnn3C2=NN=CC2)cc1,True,424.4860000000001,3.533970000000002,1,8,5,114.81,114.23610000000002,30,4,False,derivative,True
COc1cccc(-c2cc(C3([S@](C)(=N)=O)CC3)nc3c2cnn3C2=NN=CC2)c1-c1cncc2[nH]ccc12,True,524.6100000000001,4.951970000000004,2,8,5,134.26000000000002,148.2437999999998,38,2,False,derivative,False
COc1cccc(-c2cc(C3([S@](C)(=N)=O)CC3)nc3c2cnn3C2=NN=CC2)c1N(C)C,True,451.55600000000015,3.4746700000000024,1,8,5,108.82000000000001,127.48310000000006,32,4,False,derivative,True
COc1cccc(-c2cc(C3([S@](C)(=N)=O)CC3)nc3c2cnn3C2=NN=CC2)c1N1CCOC[C@H]1C,True,507.6200000000003,3.633770000000003,1,9,5,118.05000000000001,140.78309999999988,36,3,False,derivative,True
COc1cccc(-c2cc(C3([S@](C)(=N)=O)CC3)nc3c2cnn3C2=NN=CC2)c1OC,True,438.51300000000015,3.417270000000002,1,8,5,114.81000000000002,119.70810000000004,31,4,False,derivative,True
COc1cccc(-c2cc(C3([S@](C)(=N)=O)CC3)nc3c2cnn3C2=NN=CC2)c1[C@]1(O)C[C@H]2CC[C@@H](C1)O2,True,534.6420000000003,3.9376700000000033,2,9,5,135.04000000000002,144.18189999999987,38,2,False,derivative,False
COc1cccc(-c2cc([C@]3(O)C[C@H]4CC[C@@H](C3)O4)nc3c2cnn3C2=NN=CC2)c1-c1cncc2[nH]ccc12,True,533.5920000000002,4.815300000000003,2,8,4,122.80000000000001,151.57149999999976,40,3,False,derivative,True
COc1cccc(-c2cc([C@]3(O)C[C@H]4CC[C@@H](C3)O4)nc3c2cnn3C2=NN=CC2)c1C1([S@](C)(=N)=O)CC1,True,534.642,3.9376700000000024,2,9,5,135.04,144.18189999999987,38,2,False,derivative,False
COc1cccc(-c2cc([C@]3(O)C[C@H]4CC[C@@H](C3)O4)nc3c2cnn3C2=NN=CC2)c1N(C)C,True,460.5380000000002,3.338000000000001,1,8,4,97.36,130.81080000000003,34,3,False,derivative,True
COc1cccc(-c2cc([C@]3(O)C[C@H]4CC[C@@H](C3)O4)nc3c2cnn3C2=NN=CC2)c1N1CCOC[C@H]1C,True,516.6020000000003,3.4971000000000014,1,9,4,106.59,144.11079999999984,38,3,False,derivative,True
COc1cccc(-c2cc([C@]3(O)C[C@H]4CC[C@@H](C3)O4)nc3c2cnn3C2=NN=CC2)c1OC,True,447.4950000000002,3.2806000000000015,1,8,4,103.35000000000001,123.03580000000005,33,4,False,derivative,True
COc1cccc(-c2cc([C@]3(O)C[C@H]4CC[C@@H](C3)O4)nc3c2cnn3C2=NN=CC2)c1[C@]1(O)C[C@H]2CC[C@@H](C1)O2,True,543.6240000000003,3.801000000000002,2,9,4,123.58000000000001,147.5095999999998,40,3,False,derivative,True
COc1cccc(-c2ccc(S(=O)(=O)C(C)C)cc2)c1-c1cc(N(C)C)c2cnn(C3=NN=CC3)c2n1,True,516.6270000000002,4.658100000000004,0,8,6,102.04,147.5427999999998,37,3,False,derivative,True
COc1cccc(-c2ccc(S(=O)(=O)C(C)C)cc2)c1-c1cc(N(C)C)nc2c1cnn2C1=NN=CC1,True,516.6270000000002,4.658100000000004,0,8,6,102.04000000000002,147.5427999999998,37,3,False,derivative,True
COc1cccc(-c2ccc(S(=O)(=O)C(C)C)cc2)c1-c1cc(N2CCOC[C@H]2C)c2cnn(C3=NN=CC3)c2n1,True,572.6910000000001,4.817200000000004,0,9,6,111.27,160.8427999999996,41,3,False,derivative,True
COc1cccc(-c2ccc(S(=O)(=O)C(C)C)cc2)c1-c1cc(N2CCOC[C@H]2C)nc2c1cnn2C1=NN=CC1,True,572.6910000000001,4.817200000000004,0,9,6,111.27000000000001,160.8427999999996,41,3,False,derivative,True
COc1cccc(-c2ccc(S(=O)(=O)C(C)C)cc2)c1-c1cc(OC)c2cnn(C3=NN=CC3)c2n1,True,503.58400000000023,4.600700000000004,0,8,6,108.03000000000002,139.76779999999988,36,3,False,derivative,True
COc1cccc(-c2cnc(C#N)cn2)c1-c1cc(N(C)C)c2cnn(C3=NN=CC3)c2n1,True,437.46700000000016,3.1376800000000014,0,9,4,117.47000000000001,125.52600000000004,33,4,False,derivative,True
COc1cccc(-c2cnc(C#N)cn2)c1-c1cc(N(C)C)nc2c1cnn2C1=NN=CC1,True,437.46700000000016,3.1376800000000014,0,9,4,117.47,125.52600000000004,33,4,False,derivative,True
COc1cccc(-c2cnc(C#N)cn2)c1-c1cc(N2CCOC[C@H]2C)c2cnn(C3=NN=CC3)c2n1,True,493.5310000000003,3.296780000000002,0,10,4,126.7,138.82599999999988,37,3,False,derivative,True
COc1cccc(-c2cnc(C#N)cn2)c1-c1cc(N2CCOC[C@H]2C)nc2c1cnn2C1=NN=CC1,True,493.5310000000003,3.296780000000001,0,10,4,126.69999999999999,138.82599999999988,37,3,False,derivative,True
COc1cccc(-c2cnc(C#N)cn2)c1-c1cc(OC)c2cnn(C3=NN=CC3)c2n1,True,424.42400000000015,3.080280000000001,0,9,4,123.46,117.75100000000003,32,4,False,derivative,True
COc1cccc(-c2cncc3[nH]ccc23)c1-c1cc(C2([S@](C)(=N)=O)CC2)c2cnn(C3=NN=CC3)c2n1,True,524.6100000000002,4.951970000000004,2,8,5,134.26,148.24379999999982,38,2,False,derivative,False
COc1cccc(-c2cncc3[nH]ccc23)c1-c1cc(C2([S@](C)(=N)=O)CC2)nc2c1cnn2C1=NN=CC1,True,524.6100000000002,4.951970000000004,2,8,5,134.26,148.24379999999982,38,2,False,derivative,False
COc1cccc(-c2cncc3[nH]ccc23)c1-c1cc(N(C)C)c2cnn(C3=NN=CC3)c2n1,True,450.5060000000002,4.352300000000003,1,7,4,96.58,134.87269999999995,34,3,False,derivative,True
COc1cccc(-c2cncc3[nH]ccc23)c1-c1cc(N(C)C)nc2c1cnn2C1=NN=CC1,True,450.5060000000002,4.352300000000003,1,7,4,96.58000000000001,134.87269999999995,34,3,False,derivative,True
COc1cccc(-c2cncc3[nH]ccc23)c1-c1cc(N2CCOC[C@H]2C)c2cnn(C3=NN=CC3)c2n1,True,506.57000000000033,4.511400000000004,1,8,4,105.80999999999999,148.1726999999998,38,3,False,derivative,True
COc1cccc(-c2cncc3[nH]ccc23)c1-c1cc(N2CCOC[C@H]2C)nc2c1cnn2C1=NN=CC1,True,506.57000000000033,4.511400000000004,1,8,4,105.81,148.1726999999998,38,3,False,derivative,True
COc1cccc(-c2cncc3[nH]ccc23)c1-c1cc(OC)c2cnn(C3=NN=CC3)c2n1,True,437.4630000000002,4.294900000000004,1,7,4,102.57000000000001,127.09770000000005,33,4,False,derivative,True
COc1cccc(-c2cncc3[nH]ccc23)c1-c1cc([C@]2(O)C[C@H]3CC[C@@H](C2)O3)c2cnn(C3=NN=CC3)c2n1,True,533.5920000000003,4.815300000000004,2,8,4,122.8,151.57149999999976,40,3,False,derivative,True
COc1cccc(-c2cncc3[nH]ccc23)c1-c1cc([C@]2(O)C[C@H]3CC[C@@H](C2)O3)nc2c1cnn2C1=NN=CC1,True,533.5920000000003,4.815300000000004,2,8,4,122.80000000000001,151.57149999999976,40,3,False,derivative,True
COc1cccc(C2([S@](C)(=N)=O)CC2)c1-c1cc(-c2cncc3[nH]ccc23)c2cnn(C3=NN=CC3)c2n1,True,524.6100000000001,4.951970000000004,2,8,5,134.26,148.24379999999982,38,2,False,derivative,False
COc1cccc(C2([S@](C)(=N)=O)CC2)c1-c1cc(-c2cncc3[nH]ccc23)nc2c1cnn2C1=NN=CC1,True,524.6100000000001,4.951970000000004,2,8,5,134.26,148.24379999999982,38,2,False,derivative,False
COc1cccc(C2([S@](C)(=N)=O)CC2)c1-c1cc(N(C)C)c2cnn(C3=NN=CC3)c2n1,True,451.55600000000015,3.4746700000000024,1,8,5,108.82000000000001,127.48310000000005,32,4,False,derivative,True
COc1cccc(C2([S@](C)(=N)=O)CC2)c1-c1cc(N(C)C)nc2c1cnn2C1=NN=CC1,True,451.55600000000015,3.4746700000000024,1,8,5,108.82,127.48310000000005,32,4,False,derivative,True
COc1cccc(C2([S@](C)(=N)=O)CC2)c1-c1cc(N2CCOC[C@H]2C)c2cnn(C3=NN=CC3)c2n1,True,507.6200000000003,3.633770000000003,1,9,5,118.05,140.78309999999988,36,3,False,derivative,True
COc1cccc(C2([S@](C)(=N)=O)CC2)c1-c1cc(N2CCOC[C@H]2C)nc2c1cnn2C1=NN=CC1,True,507.6200000000003,3.633770000000003,1,9,5,118.05000000000001,140.78309999999988,36,3,False,derivative,True
COc1cccc(C2([S@](C)(=N)=O)CC2)c1-c1cc(OC)c2cnn(C3=NN=CC3)c2n1,True,438.51300000000015,3.417270000000002,1,8,5,114.80999999999999,119.70810000000004,31,4,False,derivative,True
COc1cccc(C2([S@](C)(=N)=O)CC2)c1-c1cc([C@]2(O)C[C@H]3CC[C@@H](C2)O3)c2cnn(C3=NN=CC3)c2n1,True,534.6420000000003,3.9376700000000024,2,9,5,135.04000000000002,144.18189999999984,38,2,False,derivative,False
COc1cccc(C2([S@](C)(=N)=O)CC2)c1-c1cc([C@]2(O)C[C@H]3CC[C@@H](C2)O3)nc2c1cnn2C1=NN=CC1,True,534.6420000000003,3.9376700000000024,2,9,5,135.04,144.18189999999984,38,2,False,derivative,False
COc1cccc(N(C)C)c1-c1cc(-c2ccc(S(=O)(=O)C(C)C)cc2)c2cnn(C3=NN=CC3)c2n1,True,516.6270000000002,4.658100000000005,0,8,6,102.04,147.54279999999977,37,3,False,derivative,True
COc1cccc(N(C)C)c1-c1cc(-c2ccc(S(=O)(=O)C(C)C)cc2)nc2c1cnn2C1=NN=CC1,True,516.6270000000002,4.658100000000005,0,8,6,102.03999999999999,147.54279999999977,37,3,False,derivative,True
COc1cccc(N(C)C)c1-c1cc(-c2cnc(C#N)cn2)c2cnn(C3=NN=CC3)c2n1,True,437.46700000000016,3.1376800000000014,0,9,4,117.47000000000001,125.52600000000004,33,4,False,derivative,True
COc1cccc(N(C)C)c1-c1cc(-c2cnc(C#N)cn2)nc2c1cnn2C1=NN=CC1,True,437.46700000000016,3.1376800000000014,0,9,4,117.47,125.52600000000004,33,4,False,derivative,True
COc1cccc(N(C)C)c1-c1cc(-c2cncc3[nH]ccc23)c2cnn(C3=NN=CC3)c2n1,True,450.50600000000014,4.352300000000003,1,7,4,96.58,134.87269999999995,34,3,False,derivative,True
COc1cccc(N(C)C)c1-c1cc(-c2cncc3[nH]ccc23)nc2c1cnn2C1=NN=CC1,True,450.50600000000014,4.352300000000003,1,7,4,96.58000000000001,134.87269999999995,34,3,False,derivative,True
COc1cccc(N(C)C)c1-c1cc(C2([S@](C)(=N)=O)CC2)c2cnn(C3=NN=CC3)c2n1,True,451.5560000000002,3.4746700000000024,1,8,5,108.82000000000001,127.48310000000005,32,4,False,derivative,True
COc1cccc(N(C)C)c1-c1cc(C2([S@](C)(=N)=O)CC2)nc2c1cnn2C1=NN=CC1,True,451.5560000000002,3.4746700000000024,1,8,5,108.82,127.48310000000005,32,4,False,derivative,True
COc1cccc(N(C)C)c1-c1cc(N(C)C)c2cnn(C3=NN=CC3)c2n1,True,377.4520000000001,2.8750000000000018,0,7,4,71.14,114.11200000000007,28,4,False,derivative,True
COc1cccc(N(C)C)c1-c1cc(N(C)C)nc2c1cnn2C1=NN=CC1,True,377.4520000000001,2.8750000000000018,0,7,4,71.14,114.11200000000005,28,4,False,derivative,True
COc1cccc(N(C)C)c1-c1cc(N2CCOC[C@H]2C)c2cnn(C3=NN=CC3)c2n1,True,433.5160000000002,3.0341000000000014,0,8,4,80.36999999999999,127.41200000000006,32,4,False,derivative,True
COc1cccc(N(C)C)c1-c1cc(N2CCOC[C@H]2C)nc2c1cnn2C1=NN=CC1,True,433.5160000000002,3.0341000000000014,0,8,4,80.36999999999999,127.41200000000006,32,4,False,derivative,True
COc1cccc(N(C)C)c1-c1cc(OC)c2cnn(C3=NN=CC3)c2n1,True,364.4090000000001,2.8176000000000014,0,7,4,77.13000000000001,106.33700000000005,27,4,False,derivative,True
COc1cccc(N(C)C)c1-c1cc([C@]2(O)C[C@H]3CC[C@@H](C2)O3)c2cnn(C3=NN=CC3)c2n1,True,460.53800000000024,3.338000000000002,1,8,4,97.36000000000001,130.81080000000003,34,3,False,derivative,True
COc1cccc(N(C)C)c1-c1cc([C@]2(O)C[C@H]3CC[C@@H](C2)O3)nc2c1cnn2C1=NN=CC1,True,460.53800000000024,3.338000000000002,1,8,4,97.36000000000001,130.81080000000003,34,3,False,derivative,True
COc1cccc(N2CCOC[C@H]2C)c1-c1cc(-c2ccc(S(=O)(=O)C(C)C)cc2)c2cnn(C3=NN=CC3)c2n1,True,572.691,4.817200000000004,0,9,6,111.27,160.8427999999996,41,3,False,derivative,True
COc1cccc(N2CCOC[C@H]2C)c1-c1cc(-c2ccc(S(=O)(=O)C(C)C)cc2)nc2c1cnn2C1=NN=CC1,True,572.691,4.817200000000004,0,9,6,111.27000000000001,160.8427999999996,41,3,False,derivative,True
COc1cccc(N2CCOC[C@H]2C)c1-c1cc(-c2cnc(C#N)cn2)c2cnn(C3=NN=CC3)c2n1,True,493.5310000000002,3.296780000000001,0,10,4,126.7,138.82599999999988,37,3,False,derivative,True
COc1cccc(N2CCOC[C@H]2C)c1-c1cc(-c2cnc(C#N)cn2)nc2c1cnn2C1=NN=CC1,True,493.5310000000002,3.296780000000001,0,10,4,126.70000000000002,138.82599999999988,37,3,False,derivative,True
COc1cccc(N2CCOC[C@H]2C)c1-c1cc(-c2cncc3[nH]ccc23)c2cnn(C3=NN=CC3)c2n1,True,506.57000000000016,4.511400000000004,1,8,4,105.81,148.1726999999998,38,3,False,derivative,True
COc1cccc(N2CCOC[C@H]2C)c1-c1cc(-c2cncc3[nH]ccc23)nc2c1cnn2C1=NN=CC1,True,506.57000000000016,4.511400000000004,1,8,4,105.81,148.1726999999998,38,3,False,derivative,True
COc1cccc(N2CCOC[C@H]2C)c1-c1cc(C2([S@](C)(=N)=O)CC2)c2cnn(C3=NN=CC3)c2n1,True,507.62000000000023,3.633770000000002,1,9,5,118.05,140.78309999999993,36,3,False,derivative,True
COc1cccc(N2CCOC[C@H]2C)c1-c1cc(C2([S@](C)(=N)=O)CC2)nc2c1cnn2C1=NN=CC1,True,507.62000000000023,3.633770000000002,1,9,5,118.05000000000001,140.78309999999993,36,3,False,derivative,True
COc1cccc(N2CCOC[C@H]2C)c1-c1cc(N(C)C)c2cnn(C3=NN=CC3)c2n1,True,433.51600000000013,3.0341000000000014,0,8,4,80.37,127.41200000000006,32,4,False,derivative,True
COc1cccc(N2CCOC[C@H]2C)c1-c1cc(N(C)C)nc2c1cnn2C1=NN=CC1,True,433.51600000000013,3.0341000000000014,0,8,4,80.37,127.41200000000006,32,4,False,derivative,True
COc1cccc(N2CCOC[C@H]2C)c1-c1cc(N2CCOC[C@H]2C)c2cnn(C3=NN=CC3)c2n1,True,489.58000000000027,3.193200000000002,0,9,4,89.6,140.71199999999988,36,3,False,derivative,True
COc1cccc(N2CCOC[C@H]2C)c1-c1cc(N2CCOC[C@H]2C)nc2c1cnn2C1=NN=CC1,True,489.58000000000027,3.193200000000002,0,9,4,89.6,140.71199999999988,36,3,False,derivative,True
COc1cccc(N2CCOC[C@H]2C)c1-c1cc(OC)c2cnn(C3=NN=CC3)c2n1,True,420.4730000000001,2.976700000000001,0,8,4,86.36,119.63700000000006,31,4,False,derivative,True
COc1cccc(N2CCOC[C@H]2C)c1-c1cc([C@]2(O)C[C@H]3CC[C@@H](C2)O3)c2cnn(C3=NN=CC3)c2n1,True,516.6020000000003,3.4971000000000023,1,9,4,106.59000000000002,144.11079999999987,38,3,False,derivative,True
COc1cccc(N2CCOC[C@H]2C)c1-c1cc([C@]2(O)C[C@H]3CC[C@@H](C2)O3)nc2c1cnn2C1=NN=CC1,True,516.6020000000002,3.4971000000000023,1,9,4,106.59,144.11079999999987,38,3,False,derivative,True
COc1cccc(OC)c1-c1cc(-c2ccc(S(=O)(=O)C(C)C)cc2)c2cnn(C3=NN=CC3)c2n1,True,503.58400000000023,4.600700000000003,0,8,6,108.03000000000002,139.76779999999988,36,3,False,derivative,True
COc1cccc(OC)c1-c1cc(-c2ccc(S(=O)(=O)C(C)C)cc2)nc2c1cnn2C1=NN=CC1,True,503.58400000000023,4.600700000000003,0,8,6,108.03,139.76779999999988,36,3,False,derivative,True
COc1cccc(OC)c1-c1cc(-c2cnc(C#N)cn2)c2cnn(C3=NN=CC3)c2n1,True,424.42400000000015,3.080280000000001,0,9,4,123.46,117.75100000000003,32,4,False,derivative,True
COc1cccc(OC)c1-c1cc(-c2cnc(C#N)cn2)nc2c1cnn2C1=NN=CC1,True,424.42400000000015,3.080280000000001,0,9,4,123.46000000000001,117.75100000000003,32,4,False,derivative,True
COc1cccc(OC)c1-c1cc(-c2cncc3[nH]ccc23)c2cnn(C3=NN=CC3)c2n1,True,437.4630000000002,4.294900000000003,1,7,4,102.57000000000001,127.09770000000005,33,4,False,derivative,True
COc1cccc(OC)c1-c1cc(-c2cncc3[nH]ccc23)nc2c1cnn2C1=NN=CC1,True,437.4630000000002,4.294900000000003,1,7,4,102.57,127.09770000000005,33,4,False,derivative,True
COc1cccc(OC)c1-c1cc(C2([S@](C)(=N)=O)CC2)c2cnn(C3=NN=CC3)c2n1,True,438.51300000000026,3.417270000000001,1,8,5,114.81000000000002,119.70810000000004,31,4,False,derivative,True
COc1cccc(OC)c1-c1cc(C2([S@](C)(=N)=O)CC2)nc2c1cnn2C1=NN=CC1,True,438.51300000000026,3.417270000000001,1,8,5,114.81,119.70810000000004,31,4,False,derivative,True
COc1cccc(OC)c1-c1cc(N(C)C)c2cnn(C3=NN=CC3)c2n1,True,364.4090000000001,2.8176000000000005,0,7,4,77.13000000000001,106.33700000000005,27,4,False,derivative,True
COc1cccc(OC)c1-c1cc(N(C)C)nc2c1cnn2C1=NN=CC1,True,364.4090000000001,2.8176000000000005,0,7,4,77.13000000000001,106.33700000000006,27,4,False,derivative,True
COc1cccc(OC)c1-c1cc(N2CCOC[C@H]2C)c2cnn(C3=NN=CC3)c2n1,True,420.4730000000001,2.976700000000001,0,8,4,86.36,119.63700000000006,31,4,False,derivative,True
COc1cccc(OC)c1-c1cc(N2CCOC[C@H]2C)nc2c1cnn2C1=NN=CC1,True,420.4730000000001,2.976700000000001,0,8,4,86.36,119.63700000000006,31,4,False,derivative,True
COc1cccc(OC)c1-c1cc(OC)c2cnn(C3=NN=CC3)c2n1,True,351.3660000000001,2.7602,0,7,4,83.11999999999999,98.56200000000004,26,4,False,derivative,True
COc1cccc(OC)c1-c1cc([C@]2(O)C[C@H]3CC[C@@H](C2)O3)c2cnn(C3=NN=CC3)c2n1,True,447.49500000000023,3.2806000000000015,1,8,4,103.35000000000001,123.03580000000005,33,4,False,derivative,True
COc1cccc(OC)c1-c1cc([C@]2(O)C[C@H]3CC[C@@H](C2)O3)nc2c1cnn2C1=NN=CC1,True,447.49500000000023,3.2806000000000015,1,8,4,103.35,123.03580000000005,33,4,False,derivative,True
COc1cccc([C@]2(O)C[C@H]3CC[C@@H](C2)O3)c1-c1cc(-c2cncc3[nH]ccc23)c2cnn(C3=NN=CC3)c2n1,True,533.5920000000001,4.815300000000004,2,8,4,122.8,151.5714999999998,40,3,False,derivative,True
COc1cccc([C@]2(O)C[C@H]3CC[C@@H](C2)O3)c1-c1cc(-c2cncc3[nH]ccc23)nc2c1cnn2C1=NN=CC1,True,533.5920000000001,4.815300000000004,2,8,4,122.80000000000001,151.5714999999998,40,3,False,derivative,True
COc1cccc([C@]2(O)C[C@H]3CC[C@@H](C2)O3)c1-c1cc(C2([S@](C)(=N)=O)CC2)c2cnn(C3=NN=CC3)c2n1,True,534.6420000000002,3.9376700000000024,2,9,5,135.04000000000002,144.18189999999987,38,2,False,derivative,False
COc1cccc([C@]2(O)C[C@H]3CC[C@@H](C2)O3)c1-c1cc(C2([S@](C)(=N)=O)CC2)nc2c1cnn2C1=NN=CC1,True,534.6420000000002,3.9376700000000024,2,9,5,135.04,144.18189999999987,38,2,False,derivative,False
COc1cccc([C@]2(O)C[C@H]3CC[C@@H](C2)O3)c1-c1cc(N(C)C)c2cnn(C3=NN=CC3)c2n1,True,460.5380000000001,3.338000000000002,1,8,4,97.36,130.81080000000003,34,3,False,derivative,True
COc1cccc([C@]2(O)C[C@H]3CC[C@@H](C2)O3)c1-c1cc(N(C)C)nc2c1cnn2C1=NN=CC1,True,460.5380000000001,3.338000000000002,1,8,4,97.36000000000001,130.81080000000003,34,3,False,derivative,True
COc1cccc([C@]2(O)C[C@H]3CC[C@@H](C2)O3)c1-c1cc(N2CCOC[C@H]2C)c2cnn(C3=NN=CC3)c2n1,True,516.6020000000002,3.4971000000000023,1,9,4,106.58999999999999,144.11079999999984,38,3,False,derivative,True
COc1cccc([C@]2(O)C[C@H]3CC[C@@H](C2)O3)c1-c1cc(N2CCOC[C@H]2C)nc2c1cnn2C1=NN=CC1,True,516.6020000000002,3.4971000000000023,1,9,4,106.59,144.11079999999984,38,3,False,derivative,True
COc1cccc([C@]2(O)C[C@H]3CC[C@@H](C2)O3)c1-c1cc(OC)c2cnn(C3=NN=CC3)c2n1,True,447.4950000000001,3.2806000000000015,1,8,4,103.35000000000001,123.03580000000005,33,4,False,derivative,True
COc1cccc([C@]2(O)C[C@H]3CC[C@@H](C2)O3)c1-c1cc([C@]2(O)C[C@H]3CC[C@@H](C2)O3)c2cnn(C3=NN=CC3)c2n1,True,543.6240000000001,3.801000000000002,2,9,4,123.58,147.5095999999998,40,3,False,derivative,True
COc1cccc([C@]2(O)C[C@H]3CC[C@@H](C2)O3)c1-c1cc([C@]2(O)C[C@H]3CC[C@@H](C2)O3)nc2c1cnn2C1=NN=CC1,True,543.6240000000001,3.801000000000003,2,9,4,123.58000000000001,147.5095999999998,40,3,False,derivative,True
COc1nc(-c2cc(C3([S@](C)(=N)=O)CC3)nc3c2cnn3C2=NN=CC2)cc(N(C)C)n1,True,453.53200000000015,2.2646699999999997,1,10,5,134.6,123.07310000000004,32,3,False,derivative,True
C[C@@H]1COCCN1Cc1cc(-c2cc(C3([S@](C)(=N)=O)CC3)nc3c2cnn3C2=NN=CC2)[nH]n1,True,481.58600000000024,2.34387,2,9,5,137.5,129.44080000000005,34,2,False,derivative,False
C[C@@H]1COCCN1Cc1cc(-c2cc(C3([S@](C)(=N)=O)CC3)nc3c2cnn3C2=NN=CC2)n[nH]1,True,481.58600000000024,2.34387,2,9,5,137.5,129.44080000000005,34,2,False,derivative,False
C[C@@H]1COCCN1Cc1cc(-c2cc(C3([S@](C)(=N)=O)CC3)nc3c2cnn3C2=NN=CC2)no1,True,482.5700000000003,2.6087700000000007,1,10,5,134.85,127.35610000000005,34,2,False,derivative,False
C[C@@H]1COCCN1Cc1cc(-c2cc(C3([S@](C)(=N)=O)CC3)nc3c2cnn3C2=NN=CC2)on1,True,482.5700000000003,2.6087700000000007,1,10,5,134.85,127.35610000000005,34,2,False,derivative,False
C[C@@H]1COCCN1Cc1cc(-c2cc([C@]3(O)C[C@H]4CC[C@@H](C3)O4)nc3c2cnn3C2=NN=CC2)[nH]n1,True,490.56800000000027,2.2072,2,9,4,126.04,132.76850000000002,36,3,False,derivative,True
C[C@@H]1COCCN1Cc1cc(-c2cc([C@]3(O)C[C@H]4CC[C@@H](C3)O4)nc3c2cnn3C2=NN=CC2)n[nH]1,True,490.56800000000027,2.2072,2,9,4,126.04000000000002,132.76850000000002,36,3,False,derivative,True
C[C@@H]1COCCN1Cc1cc(-c2cc([C@]3(O)C[C@H]4CC[C@@H](C3)O4)nc3c2cnn3C2=NN=CC2)no1,True,491.5520000000003,2.4721,1,10,4,123.39000000000001,130.68380000000002,36,3,False,derivative,True
C[C@@H]1COCCN1Cc1cc(-c2cc([C@]3(O)C[C@H]4CC[C@@H](C3)O4)nc3c2cnn3C2=NN=CC2)on1,True,491.5520000000003,2.4721,1,10,4,123.39000000000001,130.68380000000002,36,3,False,derivative,True
C[C@@H]1COCCN1Cc1cc(C2([S@](C)(=N)=O)CC2)nc2c1cnn2C1=NN=CC1,True,415.5230000000002,1.9537699999999996,1,8,4,108.82,111.85910000000005,29,4,False,derivative,True
C[C@@H]1COCCN1Cc1ccc(-c2cc(C3([S@](C)(=N)=O)CC3)nc3c2cnn3C2=NN=CC2)cc1,True,491.62100000000027,3.620770000000002,1,8,5,108.82,137.29509999999993,35,3,False,derivative,True
C[C@@H]1COCCN1Cc1ccc(-c2cc([C@]3(O)C[C@H]4CC[C@@H](C3)O4)nc3c2cnn3C2=NN=CC2)cc1,True,500.6030000000003,3.4841000000000024,1,8,4,97.36000000000001,140.6227999999999,37,3,False,derivative,True
C[C@@H]1COCCN1[C@H](C)COc1cc(C2([S@](C)(=N)=O)CC2)nc2c1cnn2C1=NN=CC1,True,459.5760000000002,2.22107,1,9,6,118.05000000000001,123.11210000000005,32,4,False,derivative,True
C[C@@H]1COCCN1c1c(-c2cc(C3([S@](C)(=N)=O)CC3)nc3c2cnn3C2=NN=CC2)cccc1N(C)C,True,520.6630000000004,3.6911700000000023,1,9,5,112.05999999999999,148.5580999999998,37,3,False,derivative,True
C[C@@H]1COCCN1c1c(-c2cc(C3([S@](C)(=N)=O)CC3)nc3c2cnn3C2=NN=CC2)cccc1[C@]1(O)C[C@H]2CC[C@@H](C1)O2,True,603.7490000000001,4.154170000000003,2,10,5,138.27999999999997,165.25689999999958,43,2,False,derivative,False
C[C@@H]1COCCN1c1c(-c2cc([C@]3(O)C[C@H]4CC[C@@H](C3)O4)nc3c2cnn3C2=NN=CC2)cccc1C1([S@](C)(=N)=O)CC1,True,603.749,4.154170000000003,2,10,5,138.28,165.2568999999996,43,2,False,derivative,False
C[C@@H]1COCCN1c1c(-c2cc([C@]3(O)C[C@H]4CC[C@@H](C3)O4)nc3c2cnn3C2=NN=CC2)cccc1N(C)C,True,529.6450000000002,3.5545000000000027,1,9,4,100.60000000000001,151.88579999999973,39,3,False,derivative,True
C[C@@H]1COCCN1c1c(-c2cc([C@]3(O)C[C@H]4CC[C@@H](C3)O4)nc3c2cnn3C2=NN=CC2)cccc1[C@]1(O)C[C@H]2CC[C@@H](C1)O2,True,612.731,4.017500000000003,2,10,4,126.82000000000002,168.58459999999957,45,3,False,derivative,True
C[C@@H]1COCCN1c1cc(-c2c(-c3cnc(C#N)cn3)cccc2N(C)C)c2cnn(C3=NN=CC3)c2n1,True,506.57400000000024,3.354180000000002,0,10,4,120.71,146.60099999999977,38,3,False,derivative,True
C[C@@H]1COCCN1c1cc(-c2c(-c3cnc(C#N)cn3)cccc2N(C)C)nc2c1cnn2C1=NN=CC1,True,506.57400000000024,3.354180000000002,0,10,4,120.71000000000001,146.60099999999977,38,3,False,derivative,True
C[C@@H]1COCCN1c1cc(-c2c(-c3cncc4[nH]ccc34)cccc2N(C)C)c2cnn(C3=NN=CC3)c2n1,True,519.6130000000003,4.568800000000003,1,8,4,99.82,155.94769999999968,39,3,False,derivative,True
C[C@@H]1COCCN1c1cc(-c2c(-c3cncc4[nH]ccc34)cccc2N(C)C)nc2c1cnn2C1=NN=CC1,True,519.6130000000002,4.568800000000003,1,8,4,99.82,155.94769999999968,39,3,False,derivative,True
C[C@@H]1COCCN1c1cc(-c2c(-c3cncc4[nH]ccc34)cccc2N2CCOC[C@H]2C)c2cnn(C3=NN=CC3)c2n1,True,575.6770000000001,4.7279000000000035,1,9,4,109.05,169.24769999999958,43,3,False,derivative,True
C[C@@H]1COCCN1c1cc(-c2c(C3([S@](C)(=N)=O)CC3)cccc2[C@]2(O)C[C@H]3CC[C@@H](C2)O3)c2cnn(C3=NN=CC3)c2n1,True,603.7490000000001,4.154170000000003,2,10,5,138.28000000000003,165.2568999999996,43,2,False,derivative,False
C[C@@H]1COCCN1c1cc(-c2c(C3([S@](C)(=N)=O)CC3)cccc2[C@]2(O)C[C@H]3CC[C@@H](C2)O3)nc2c1cnn2C1=NN=CC1,True,603.7490000000001,4.154170000000003,2,10,5,138.28,165.2568999999996,43,2,False,derivative,False
C[C@@H]1COCCN1c1cc(-c2c(N(C)C)cccc2C2([S@](C)(=N)=O)CC2)c2cnn(C3=NN=CC3)c2n1,True,520.6630000000002,3.6911700000000023,1,9,5,112.06000000000002,148.55809999999983,37,3,False,derivative,True
C[C@@H]1COCCN1c1cc(-c2c(N(C)C)cccc2C2([S@](C)(=N)=O)CC2)nc2c1cnn2C1=NN=CC1,True,520.6630000000002,3.6911700000000023,1,9,5,112.06,148.55809999999983,37,3,False,derivative,True
C[C@@H]1COCCN1c1cc(-c2c(N(C)C)cccc2N(C)C)c2cnn(C3=NN=CC3)c2n1,True,446.5590000000002,3.0915000000000017,0,8,4,74.38,135.18699999999998,33,3,False,derivative,True
C[C@@H]1COCCN1c1cc(-c2c(N(C)C)cccc2N(C)C)nc2c1cnn2C1=NN=CC1,True,446.5590000000002,3.0915000000000017,0,8,4,74.38,135.18699999999998,33,3,False,derivative,True
C[C@@H]1COCCN1c1cc(-c2c(N(C)C)cccc2N2CCOC[C@H]2C)c2cnn(C3=NN=CC3)c2n1,True,502.62300000000033,3.250600000000002,0,9,4,83.61,148.4869999999998,37,3,False,derivative,True
C[C@@H]1COCCN1c1cc(-c2c(N(C)C)cccc2[C@]2(O)C[C@H]3CC[C@@H](C2)O3)c2cnn(C3=NN=CC3)c2n1,True,529.6450000000003,3.5545000000000027,1,9,4,100.6,151.88579999999976,39,3,False,derivative,True
C[C@@H]1COCCN1c1cc(-c2c(N(C)C)cccc2[C@]2(O)C[C@H]3CC[C@@H](C2)O3)nc2c1cnn2C1=NN=CC1,True,529.6450000000003,3.5545000000000027,1,9,4,100.6,151.88579999999976,39,3,False,derivative,True
C[C@@H]1COCCN1c1cc(-c2c(N3CCOC[C@H]3C)cccc2C2([S@](C)(=N)=O)CC2)c2cnn(C3=NN=CC3)c2n1,True,576.7270000000001,3.8502700000000027,1,10,5,121.29,161.85809999999964,41,3,False,derivative,True
C[C@@H]1COCCN1c1cc(-c2c(N3CCOC[C@H]3C)cccc2N2CCOC[C@H]2C)c2cnn(C3=NN=CC3)c2n1,True,558.6870000000001,3.4097000000000026,0,10,4,92.84,161.78699999999964,41,3,False,derivative,True
C[C@@H]1COCCN1c1cc(-c2c(N3CCOC[C@H]3C)cccc2[C@]2(O)C[C@H]3CC[C@@H](C2)O3)c2cnn(C3=NN=CC3)c2n1,True,585.7090000000001,3.713600000000003,1,10,4,109.83,165.1857999999996,43,3,False,derivative,True
C[C@@H]1COCCN1c1cc(-c2c([C@]3(O)C[C@H]4CC[C@@H](C3)O4)cccc2[C@]2(O)C[C@H]3CC[C@@H](C2)O3)c2cnn(C3=NN=CC3)c2n1,True,612.731,4.017500000000003,2,10,4,126.82000000000001,168.5845999999996,45,3,False,derivative,True
C[C@@H]1COCCN1c1cc(-c2c([C@]3(O)C[C@H]4CC[C@@H](C3)O4)cccc2[C@]2(O)C[C@H]3CC[C@@H](C2)O3)nc2c1cnn2C1=NN=CC1,True,612.7310000000001,4.017500000000003,2,10,4,126.82000000000002,168.5845999999996,45,3,False,derivative,True
C[C@@H]1COCCN1c1cc(-c2cc(C3([S@](C)(=N)=O)CC3)nc3c2cnn3C2=NN=CC2)[nH]n1,True,467.55900000000025,2.3482699999999994,2,9,4,137.5,126.37680000000005,33,3,False,derivative,True
C[C@@H]1COCCN1c1cc(-c2cc(C3([S@](C)(=N)=O)CC3)nc3c2cnn3C2=NN=CC2)n[nH]1,True,467.55900000000025,2.3482699999999994,2,9,4,137.5,126.37680000000005,33,3,False,derivative,True
C[C@@H]1COCCN1c1cc(-c2cc(C3([S@](C)(=N)=O)CC3)nc3c2cnn3C2=NN=CC2)no1,True,468.5430000000003,2.61317,1,10,4,134.85,124.29210000000005,33,3,False,derivative,True
C[C@@H]1COCCN1c1cc(-c2cc(C3([S@](C)(=N)=O)CC3)nc3c2cnn3C2=NN=CC2)on1,True,468.5430000000003,2.61317,1,10,4,134.85,124.29210000000005,33,3,False,derivative,True
C[C@@H]1COCCN1c1cc(-c2cc([C@]3(O)C[C@H]4CC[C@@H](C3)O4)nc3c2cnn3C2=NN=CC2)[nH]n1,True,476.5410000000002,2.2116,2,9,3,126.04,129.70450000000005,35,4,False,derivative,True
C[C@@H]1COCCN1c1cc(-c2cc([C@]3(O)C[C@H]4CC[C@@H](C3)O4)nc3c2cnn3C2=NN=CC2)n[nH]1,True,476.5410000000002,2.2116,2,9,3,126.04000000000002,129.70450000000005,35,4,False,derivative,True
C[C@@H]1COCCN1c1cc(-c2cc([C@]3(O)C[C@H]4CC[C@@H](C3)O4)nc3c2cnn3C2=NN=CC2)no1,True,477.52500000000026,2.4765000000000006,1,10,3,123.39000000000001,127.61980000000005,35,4,False,derivative,True
C[C@@H]1COCCN1c1cc(-c2cc([C@]3(O)C[C@H]4CC[C@@H](C3)O4)nc3c2cnn3C2=NN=CC2)on1,True,477.52500000000026,2.4765000000000006,1,10,3,123.39000000000001,127.61980000000005,35,4,False,derivative,True
C[C@@H]1COCCN1c1cc(-c2ccc(-c3cc(C4([S@](C)(=N)=O)CC4)nc4c3cnn4C3=NN=CC3)cc2)[nH]n1,True,543.6570000000003,4.015270000000002,2,9,5,137.5,151.81279999999978,39,2,False,derivative,False
C[C@@H]1COCCN1c1cc(-c2ccc(-c3cc(C4([S@](C)(=N)=O)CC4)nc4c3cnn4C3=NN=CC3)cc2)n[nH]1,True,543.6570000000003,4.015270000000002,2,9,5,137.5,151.81279999999978,39,2,False,derivative,False
C[C@@H]1COCCN1c1cc(-c2ccc(-c3cc(C4([S@](C)(=N)=O)CC4)nc4c3cnn4C3=NN=CC3)cc2)no1,True,544.6410000000003,4.280170000000003,1,10,5,134.85,149.72809999999978,39,2,False,derivative,False
C[C@@H]1COCCN1c1cc(-c2ccc(-c3cc(C4([S@](C)(=N)=O)CC4)nc4c3cnn4C3=NN=CC3)cc2)on1,True,544.6410000000003,4.280170000000003,1,10,5,134.85,149.72809999999978,39,2,False,derivative,False
C[C@@H]1COCCN1c1cc(-c2ccc(-c3cc([C@]4(O)C[C@H]5CC[C@@H](C4)O5)nc4c3cnn4C3=NN=CC3)cc2)[nH]n1,True,552.6390000000004,3.8786000000000023,2,9,4,126.04,155.14049999999972,41,3,False,derivative,True
C[C@@H]1COCCN1c1cc(-c2ccc(-c3cc([C@]4(O)C[C@H]5CC[C@@H](C4)O5)nc4c3cnn4C3=NN=CC3)cc2)n[nH]1,True,552.6390000000004,3.8786000000000023,2,9,4,126.04000000000002,155.14049999999972,41,3,False,derivative,True
C[C@@H]1COCCN1c1cc(-c2ccc(-c3cc([C@]4(O)C[C@H]5CC[C@@H](C4)O5)nc4c3cnn4C3=NN=CC3)cc2)no1,True,553.6230000000004,4.143500000000003,1,10,4,123.39000000000001,153.05579999999972,41,3,False,derivative,True
C[C@@H]1COCCN1c1cc(-c2ccc(-c3cc([C@]4(O)C[C@H]5CC[C@@H](C4)O5)nc4c3cnn4C3=NN=CC3)cc2)on1,True,553.6230000000004,4.143500000000003,1,10,4,123.39000000000001,153.05579999999972,41,3,False,derivative,True
C[C@@H]1COCCN1c1cc(C2([S@](C)(=N)=O)CC2)nc2c1cnn2C1=NN=CC1,True,401.4960000000001,1.95817,1,8,3,108.82,108.79510000000006,28,4,False,derivative,True
C[C@@H]1COCCN1c1cc(Nc2cc([C@]3(O)C[C@H]4CC[C@@H](C3)O4)nc3c2cnn3C2=NN=CC2)[nH]n1,True,491.55600000000027,2.2882,3,10,4,138.07,133.9932,36,2,False,derivative,False
C[C@@H]1COCCN1c1cc(Nc2cc([C@]3(O)C[C@H]4CC[C@@H](C3)O4)nc3c2cnn3C2=NN=CC2)n[nH]1,True,491.55600000000027,2.2882,3,10,4,138.07000000000002,133.9932,36,2,False,derivative,False
C[C@@H]1COCCN1c1cc(Nc2cc([C@]3(O)C[C@H]4CC[C@@H](C3)O4)nc3c2cnn3C2=NN=CC2)no1,True,492.5400000000003,2.5531000000000006,2,11,4,135.42000000000002,131.9085,36,2,False,derivative,False
C[C@@H]1COCCN1c1cc(Nc2cc([C@]3(O)C[C@H]4CC[C@@H](C3)O4)nc3c2cnn3C2=NN=CC2)on1,True,492.5400000000003,2.5531000000000006,2,11,4,135.42000000000002,131.9085,36,2,False,derivative,False
C[C@@H]1COCCN1c1cc([C@]2(O)C[C@H]3CC[C@@H](C2)O3)nc2c1cnn2C1=NN=CC1,True,410.4780000000001,1.8215,1,8,2,97.36000000000001,112.12280000000007,30,4,False,derivative,True
C[C@@H]1COCCN1c1ccc(-c2cc(-c3cc(C4([S@](C)(=N)=O)CC4)nc4c3cnn4C3=NN=CC3)[nH]n2)cc1,True,543.6570000000003,4.015270000000002,2,9,5,137.5,151.81279999999978,39,2,False,derivative,False
C[C@@H]1COCCN1c1ccc(-c2cc(-c3cc(C4([S@](C)(=N)=O)CC4)nc4c3cnn4C3=NN=CC3)n[nH]2)cc1,True,543.6570000000003,4.015270000000002,2,9,5,137.5,151.81279999999978,39,2,False,derivative,False
C[C@@H]1COCCN1c1ccc(-c2cc(-c3cc(C4([S@](C)(=N)=O)CC4)nc4c3cnn4C3=NN=CC3)no2)cc1,True,544.6410000000003,4.280170000000003,1,10,5,134.85,149.72809999999978,39,2,False,derivative,False
C[C@@H]1COCCN1c1ccc(-c2cc(-c3cc(C4([S@](C)(=N)=O)CC4)nc4c3cnn4C3=NN=CC3)on2)cc1,True,544.6410000000003,4.280170000000003,1,10,5,134.85,149.72809999999978,39,2,False,derivative,False
C[C@@H]1COCCN1c1ccc(-c2cc(-c3cc([C@]4(O)C[C@H]5CC[C@@H](C4)O5)nc4c3cnn4C3=NN=CC3)[nH]n2)cc1,True,552.6390000000004,3.8786000000000023,2,9,4,126.04,155.14049999999972,41,3,False,derivative,True
C[C@@H]1COCCN1c1ccc(-c2cc(-c3cc([C@]4(O)C[C@H]5CC[C@@H](C4)O5)nc4c3cnn4C3=NN=CC3)n[nH]2)cc1,True,552.6390000000004,3.8786000000000023,2,9,4,126.04000000000002,155.14049999999972,41,3,False,derivative,True
C[C@@H]1COCCN1c1ccc(-c2cc(-c3cc([C@]4(O)C[C@H]5CC[C@@H](C4)O5)nc4c3cnn4C3=NN=CC3)no2)cc1,True,553.6230000000004,4.143500000000003,1,10,4,123.39000000000001,153.05579999999972,41,3,False,derivative,True
C[C@@H]1COCCN1c1ccc(-c2cc(-c3cc([C@]4(O)C[C@H]5CC[C@@H](C4)O5)nc4c3cnn4C3=NN=CC3)on2)cc1,True,553.6230000000003,4.143500000000003,1,10,4,123.39000000000001,153.05579999999972,41,3,False,derivative,True
C[C@@H]1COCCN1c1ccc(-c2cc(C3([S@](C)(=N)=O)CC3)nc3c2cnn3C2=NN=CC2)cc1,True,477.5940000000002,3.6251700000000024,1,8,4,108.82,134.23109999999997,34,3,False,derivative,True
C[C@@H]1COCCN1c1ccc(-c2cc([C@]3(O)C[C@H]4CC[C@@H](C3)O4)nc3c2cnn3C2=NN=CC2)cc1,True,486.57600000000025,3.488500000000002,1,8,3,97.36000000000001,137.5587999999999,36,3,False,derivative,True
C[C@@H]1COCCN1c1ccc(Nc2cc(C3([S@](C)(=N)=O)CC3)nc3c2cnn3C2=NN=CC2)cc1,True,492.60900000000026,3.7017700000000024,2,9,5,120.85,138.51979999999992,35,3,False,derivative,True
C[C@@H]1COCCN1c1ccc(Nc2cc([C@]3(O)C[C@H]4CC[C@@H](C3)O4)nc3c2cnn3C2=NN=CC2)cc1,True,501.5910000000003,3.565100000000002,2,9,4,109.39000000000001,141.84749999999985,37,3,False,derivative,True
C[C@@H]1COCCN1c1ccc(Oc2cc(C3([S@](C)(=N)=O)CC3)nc3c2cnn3C2=NN=CC2)cc1,True,493.59300000000025,3.7504700000000026,1,9,5,118.05000000000001,135.31109999999995,35,3,False,derivative,True
C[C@@H]1COCCN1c1cccc(-c2cc(C3([S@](C)(=N)=O)CC3)nc3c2cnn3C2=NN=CC2)c1N(C)C,True,520.6630000000004,3.691170000000003,1,9,5,112.05999999999999,148.55809999999983,37,3,False,derivative,True
C[C@@H]1COCCN1c1cccc(-c2cc(C3([S@](C)(=N)=O)CC3)nc3c2cnn3C2=NN=CC2)c1N1CCOC[C@H]1C,True,576.7270000000002,3.8502700000000036,1,10,5,121.28999999999999,161.85809999999964,41,3,False,derivative,True
C[C@@H]1COCCN1c1cccc(-c2cc(C3([S@](C)(=N)=O)CC3)nc3c2cnn3C2=NN=CC2)c1[C@]1(O)C[C@H]2CC[C@@H](C1)O2,True,603.7490000000001,4.154170000000003,2,10,5,138.27999999999997,165.2568999999996,43,2,False,derivative,False
C[C@@H]1COCCN1c1cccc(-c2cc([C@]3(O)C[C@H]4CC[C@@H](C3)O4)nc3c2cnn3C2=NN=CC2)c1C1([S@](C)(=N)=O)CC1,True,603.7490000000001,4.154170000000003,2,10,5,138.28,165.2568999999996,43,2,False,derivative,False
C[C@@H]1COCCN1c1cccc(-c2cc([C@]3(O)C[C@H]4CC[C@@H](C3)O4)nc3c2cnn3C2=NN=CC2)c1N(C)C,True,529.6450000000003,3.5545000000000027,1,9,4,100.60000000000001,151.8857999999998,39,3,False,derivative,True
C[C@@H]1COCCN1c1cccc(-c2cc([C@]3(O)C[C@H]4CC[C@@H](C3)O4)nc3c2cnn3C2=NN=CC2)c1N1CCOC[C@H]1C,True,585.7090000000002,3.713600000000003,1,10,4,109.83000000000001,165.1857999999996,43,3,False,derivative,True
C[C@@H]1COCCN1c1cccc(-c2cc([C@]3(O)C[C@H]4CC[C@@H](C3)O4)nc3c2cnn3C2=NN=CC2)c1[C@]1(O)C[C@H]2CC[C@@H](C1)O2,True,612.7310000000001,4.017500000000004,2,10,4,126.82000000000002,168.58459999999957,45,3,False,derivative,True
C[C@@H]1COCCN1c1cccc(-c2cnc(C#N)cn2)c1-c1cc(N(C)C)c2cnn(C3=NN=CC3)c2n1,True,506.5740000000003,3.354180000000002,0,10,4,120.71,146.6009999999998,38,3,False,derivative,True
C[C@@H]1COCCN1c1cccc(-c2cnc(C#N)cn2)c1-c1cc(N(C)C)nc2c1cnn2C1=NN=CC1,True,506.5740000000003,3.354180000000002,0,10,4,120.71000000000001,146.6009999999998,38,3,False,derivative,True
C[C@@H]1COCCN1c1cccc(-c2cncc3[nH]ccc23)c1-c1cc(N(C)C)c2cnn(C3=NN=CC3)c2n1,True,519.6130000000003,4.568800000000003,1,8,4,99.82,155.9476999999997,39,3,False,derivative,True
C[C@@H]1COCCN1c1cccc(-c2cncc3[nH]ccc23)c1-c1cc(N(C)C)nc2c1cnn2C1=NN=CC1,True,519.6130000000003,4.568800000000003,1,8,4,99.82,155.9476999999997,39,3,False,derivative,True
C[C@@H]1COCCN1c1cccc(-c2cncc3[nH]ccc23)c1-c1cc(N2CCOC[C@H]2C)c2cnn(C3=NN=CC3)c2n1,True,575.6770000000002,4.7279000000000035,1,9,4,109.05,169.2476999999996,43,3,False,derivative,True
C[C@@H]1COCCN1c1cccc(C2([S@](C)(=N)=O)CC2)c1-c1cc(N(C)C)c2cnn(C3=NN=CC3)c2n1,True,520.6630000000004,3.6911700000000023,1,9,5,112.06000000000002,148.5580999999998,37,3,False,derivative,True
C[C@@H]1COCCN1c1cccc(C2([S@](C)(=N)=O)CC2)c1-c1cc(N(C)C)nc2c1cnn2C1=NN=CC1,True,520.6630000000002,3.691170000000003,1,9,5,112.06,148.5580999999998,37,3,False,derivative,True
C[C@@H]1COCCN1c1cccc(C2([S@](C)(=N)=O)CC2)c1-c1cc(N2CCOC[C@H]2C)c2cnn(C3=NN=CC3)c2n1,True,576.7270000000002,3.8502700000000027,1,10,5,121.29,161.8580999999996,41,3,False,derivative,True
C[C@@H]1COCCN1c1cccc(C2([S@](C)(=N)=O)CC2)c1-c1cc([C@]2(O)C[C@H]3CC[C@@H](C2)O3)c2cnn(C3=NN=CC3)c2n1,True,603.7490000000001,4.154170000000003,2,10,5,138.28000000000003,165.2568999999996,43,2,False,derivative,False
C[C@@H]1COCCN1c1cccc(C2([S@](C)(=N)=O)CC2)c1-c1cc([C@]2(O)C[C@H]3CC[C@@H](C2)O3)nc2c1cnn2C1=NN=CC1,True,603.7490000000001,4.154170000000003,2,10,5,138.28,165.2568999999996,43,2,False,derivative,False
C[C@@H]1COCCN1c1cccc(N(C)C)c1-c1cc(-c2cnc(C#N)cn2)c2cnn(C3=NN=CC3)c2n1,True,506.57400000000024,3.354180000000002,0,10,4,120.71,146.6009999999998,38,3,False,derivative,True
C[C@@H]1COCCN1c1cccc(N(C)C)c1-c1cc(-c2cnc(C#N)cn2)nc2c1cnn2C1=NN=CC1,True,506.57400000000024,3.354180000000002,0,10,4,120.71000000000001,146.6009999999998,38,3,False,derivative,True
C[C@@H]1COCCN1c1cccc(N(C)C)c1-c1cc(-c2cncc3[nH]ccc23)c2cnn(C3=NN=CC3)c2n1,True,519.6130000000002,4.568800000000004,1,8,4,99.82,155.94769999999968,39,3,False,derivative,True
C[C@@H]1COCCN1c1cccc(N(C)C)c1-c1cc(-c2cncc3[nH]ccc23)nc2c1cnn2C1=NN=CC1,True,519.6130000000002,4.568800000000004,1,8,4,99.82,155.94769999999968,39,3,False,derivative,True
C[C@@H]1COCCN1c1cccc(N(C)C)c1-c1cc(C2([S@](C)(=N)=O)CC2)c2cnn(C3=NN=CC3)c2n1,True,520.6630000000002,3.6911700000000023,1,9,5,112.06000000000002,148.55809999999983,37,3,False,derivative,True
C[C@@H]1COCCN1c1cccc(N(C)C)c1-c1cc(C2([S@](C)(=N)=O)CC2)nc2c1cnn2C1=NN=CC1,True,520.6630000000002,3.6911700000000023,1,9,5,112.06,148.55809999999983,37,3,False,derivative,True
C[C@@H]1COCCN1c1cccc(N(C)C)c1-c1cc(N(C)C)c2cnn(C3=NN=CC3)c2n1,True,446.5590000000002,3.0915000000000017,0,8,4,74.38,135.18699999999998,33,3,False,derivative,True
C[C@@H]1COCCN1c1cccc(N(C)C)c1-c1cc(N(C)C)nc2c1cnn2C1=NN=CC1,True,446.5590000000002,3.0915000000000017,0,8,4,74.38,135.18699999999998,33,3,False,derivative,True
C[C@@H]1COCCN1c1cccc(N(C)C)c1-c1cc(N2CCOC[C@H]2C)c2cnn(C3=NN=CC3)c2n1,True,502.62300000000033,3.250600000000002,0,9,4,83.61,148.4869999999998,37,3,False,derivative,True
C[C@@H]1COCCN1c1cccc(N(C)C)c1-c1cc([C@]2(O)C[C@H]3CC[C@@H](C2)O3)c2cnn(C3=NN=CC3)c2n1,True,529.6450000000003,3.5545000000000027,1,9,4,100.6,151.88579999999976,39,3,False,derivative,True
C[C@@H]1COCCN1c1cccc(N(C)C)c1-c1cc([C@]2(O)C[C@H]3CC[C@@H](C2)O3)nc2c1cnn2C1=NN=CC1,True,529.6450000000003,3.5545000000000027,1,9,4,100.6,151.88579999999976,39,3,False,derivative,True
C[C@@H]1COCCN1c1cccc(N2CCOC[C@H]2C)c1-c1cc(-c2cncc3[nH]ccc23)c2cnn(C3=NN=CC3)c2n1,True,575.677,4.7279000000000035,1,9,4,109.05,169.24769999999958,43,3,False,derivative,True
C[C@@H]1COCCN1c1cccc(N2CCOC[C@H]2C)c1-c1cc(-c2cncc3[nH]ccc23)nc2c1cnn2C1=NN=CC1,True,575.677,4.7279000000000035,1,9,4,109.04999999999998,169.24769999999958,43,3,False,derivative,True
C[C@@H]1COCCN1c1cccc(N2CCOC[C@H]2C)c1-c1cc(C2([S@](C)(=N)=O)CC2)c2cnn(C3=NN=CC3)c2n1,True,576.7270000000001,3.8502700000000027,1,10,5,121.29,161.85809999999964,41,3,False,derivative,True
C[C@@H]1COCCN1c1cccc(N2CCOC[C@H]2C)c1-c1cc(C2([S@](C)(=N)=O)CC2)nc2c1cnn2C1=NN=CC1,True,576.7270000000001,3.8502700000000027,1,10,5,121.29000000000002,161.85809999999964,41,3,False,derivative,True
C[C@@H]1COCCN1c1cccc(N2CCOC[C@H]2C)c1-c1cc(N(C)C)c2cnn(C3=NN=CC3)c2n1,True,502.6230000000003,3.250600000000002,0,9,4,83.61,148.4869999999998,37,3,False,derivative,True
C[C@@H]1COCCN1c1cccc(N2CCOC[C@H]2C)c1-c1cc(N(C)C)nc2c1cnn2C1=NN=CC1,True,502.6230000000003,3.250600000000002,0,9,4,83.61,148.4869999999998,37,3,False,derivative,True
C[C@@H]1COCCN1c1cccc(N2CCOC[C@H]2C)c1-c1cc(N2CCOC[C@H]2C)c2cnn(C3=NN=CC3)c2n1,True,558.6870000000002,3.4097000000000026,0,10,4,92.84,161.78699999999964,41,3,False,derivative,True
C[C@@H]1COCCN1c1cccc(N2CCOC[C@H]2C)c1-c1cc([C@]2(O)C[C@H]3CC[C@@H](C2)O3)c2cnn(C3=NN=CC3)c2n1,True,585.7090000000002,3.713600000000003,1,10,4,109.83,165.1857999999996,43,3,False,derivative,True
C[C@@H]1COCCN1c1cccc(N2CCOC[C@H]2C)c1-c1cc([C@]2(O)C[C@H]3CC[C@@H](C2)O3)nc2c1cnn2C1=NN=CC1,True,585.7090000000002,3.713600000000003,1,10,4,109.83000000000001,165.1857999999996,43,3,False,derivative,True
C[C@@H]1COCCN1c1cccc([C@]2(O)C[C@H]3CC[C@@H](C2)O3)c1-c1cc(C2([S@](C)(=N)=O)CC2)c2cnn(C3=NN=CC3)c2n1,True,603.749,4.154170000000003,2,10,5,138.27999999999997,165.2568999999996,43,2,False,derivative,False
C[C@@H]1COCCN1c1cccc([C@]2(O)C[C@H]3CC[C@@H](C2)O3)c1-c1cc(C2([S@](C)(=N)=O)CC2)nc2c1cnn2C1=NN=CC1,True,603.749,4.154170000000003,2,10,5,138.28,165.2568999999996,43,2,False,derivative,False
C[C@@H]1COCCN1c1cccc([C@]2(O)C[C@H]3CC[C@@H](C2)O3)c1-c1cc(N(C)C)c2cnn(C3=NN=CC3)c2n1,True,529.6450000000002,3.5545000000000027,1,9,4,100.60000000000001,151.88579999999976,39,3,False,derivative,True
C[C@@H]1COCCN1c1cccc([C@]2(O)C[C@H]3CC[C@@H](C2)O3)c1-c1cc(N(C)C)nc2c1cnn2C1=NN=CC1,True,529.6450000000002,3.5545000000000027,1,9,4,100.60000000000002,151.88579999999976,39,3,False,derivative,True
C[C@@H]1COCCN1c1cccc([C@]2(O)C[C@H]3CC[C@@H](C2)O3)c1-c1cc(N2CCOC[C@H]2C)c2cnn(C3=NN=CC3)c2n1,True,585.7090000000002,3.7136000000000022,1,10,4,109.83,165.1857999999996,43,3,False,derivative,True
C[C@@H]1COCCN1c1cccc([C@]2(O)C[C@H]3CC[C@@H](C2)O3)c1-c1cc([C@]2(O)C[C@H]3CC[C@@H](C2)O3)c2cnn(C3=NN=CC3)c2n1,True,612.7310000000001,4.017500000000003,2,10,4,126.82000000000001,168.58459999999957,45,3,False,derivative,True
C[C@@H]1COCCN1c1cccc([C@]2(O)C[C@H]3CC[C@@H](C2)O3)c1-c1cc([C@]2(O)C[C@H]3CC[C@@H](C2)O3)nc2c1cnn2C1=NN=CC1,True,612.7310000000001,4.017500000000003,2,10,4,126.82000000000002,168.58459999999957,45,3,False,derivative,True
C[C@H](CN(C)C)Nc1cc(C2([S@](C)(=N)=O)CC2)nc2c1cnn2C1=NN=CC1,True,402.52800000000013,2.0950699999999998,2,8,6,111.62,112.80680000000007,28,4,False,derivative,True
C[C@H](CN(C)C)Nc1cc([C@]2(O)C[C@H]3CC[C@@H](C2)O3)nc2c1cnn2C1=NN=CC1,True,411.5100000000001,1.9584,2,8,5,100.16,116.13450000000007,30,4,False,derivative,True
C[C@H](CN(C)C)Oc1cc(C2([S@](C)(=N)=O)CC2)nc2c1cnn2C1=NN=CC1,True,403.5120000000001,2.0619699999999996,1,8,6,108.82,109.81210000000006,28,4,False,derivative,True
C[C@H](CN1CCOC[C@H]1C)Nc1cc(C2([S@](C)(=N)=O)CC2)nc2c1cnn2C1=NN=CC1,True,458.5920000000002,2.2541699999999993,2,9,6,120.85,126.10680000000006,32,4,False,derivative,True
C[C@H](CN1CCOC[C@H]1C)Nc1cc([C@]2(O)C[C@H]3CC[C@@H](C2)O3)nc2c1cnn2C1=NN=CC1,True,467.5740000000003,2.117499999999999,2,9,5,109.39000000000001,129.43450000000004,34,4,False,derivative,True
C[C@H](CN1CCOC[C@H]1C)Oc1cc(C2([S@](C)(=N)=O)CC2)nc2c1cnn2C1=NN=CC1,True,459.5760000000002,2.22107,1,9,6,118.05000000000001,123.11210000000005,32,4,False,derivative,True
C[C@H](CNc1cc(C2([S@](C)(=N)=O)CC2)nc2c1cnn2C1=NN=CC1)N(C)C,True,402.5280000000001,2.09507,2,8,6,111.61999999999999,112.80680000000004,28,4,False,derivative,True
C[C@H](CNc1cc(C2([S@](C)(=N)=O)CC2)nc2c1cnn2C1=NN=CC1)N1CCOC[C@H]1C,True,458.5920000000002,2.2541700000000002,2,9,6,120.85,126.10680000000004,32,4,False,derivative,True
C[C@H](CNc1cc([C@]2(O)C[C@H]3CC[C@@H](C2)O3)nc2c1cnn2C1=NN=CC1)N(C)C,True,411.5100000000001,1.9584,2,8,5,100.15999999999998,116.13450000000005,30,4,False,derivative,True
C[C@H](CNc1cc([C@]2(O)C[C@H]3CC[C@@H](C2)O3)nc2c1cnn2C1=NN=CC1)N1CCOC[C@H]1C,True,467.57400000000024,2.1174999999999997,2,9,5,109.38999999999999,129.4345,34,4,False,derivative,True
C[C@H](COc1cc(C2([S@](C)(=N)=O)CC2)nc2c1cnn2C1=NN=CC1)N(C)C,True,403.5120000000001,2.0619699999999996,1,8,6,108.82000000000001,109.81210000000004,28,4,False,derivative,True
C[S@@](=N)(=O)C1(CNc2cc([C@]3(O)C[C@H]4CC[C@@H](C3)O4)nc3c2cnn3C2=NN=CC2)CC1,True,457.5600000000003,2.2174699999999996,3,9,5,137.84,121.73660000000005,32,3,False,derivative,True
C[S@@](=N)(=O)C1(Nc2cc([C@]3(O)C[C@H]4CC[C@@H](C3)O4)nc3c2cnn3C2=NN=CC2)CC1,True,443.5330000000002,2.17497,3,9,4,137.84,116.86960000000006,31,3,False,derivative,True
C[S@@](=N)(=O)C1(Nc2ccc(-c3cc([C@]4(O)C[C@H]5CC[C@@H](C4)O5)nc4c3cnn4C3=NN=CC3)cc2)CC1,True,519.6310000000003,3.8419700000000025,3,9,5,137.84,142.30559999999986,37,2,False,derivative,False
C[S@@](=N)(=O)C1(Oc2ccc(-c3cc([C@]4(O)C[C@H]5CC[C@@H](C4)O5)nc4c3cnn4C3=NN=CC3)cc2)CC1,True,520.6150000000004,3.8088700000000033,2,9,5,135.04000000000002,139.3108999999999,37,2,False,derivative,False
C[S@@](=N)(=O)C1(c2cc(-c3ccc(-c4cncc5[nH]ccc45)cc3)c3cnn(C4=NN=CC4)c3n2)CC1,True,494.5840000000003,4.943370000000003,2,7,4,125.02999999999999,141.6917999999999,36,3,False,derivative,True
C[S@@](=N)(=O)C1(c2cc(-c3ccc([C@]4(O)C[C@H]5CC[C@@H](C4)O5)cc3)c3cnn(C4=NN=CC4)c3n2)CC1,True,504.6160000000003,3.929070000000003,2,8,4,125.81000000000002,137.62989999999994,36,3,False,derivative,True
C[S@@](=N)(=O)C1(c2cc(-c3cncc4[nH]ccc34)c3cnn(C4=NN=CC4)c3n2)CC1,True,418.4860000000002,3.276370000000002,2,7,3,125.02999999999999,116.25580000000004,30,4,False,derivative,True
C[S@@](=N)(=O)C1(c2cc(C3([S@](C)(=N)=O)CC3)c3cnn(C4=NN=CC4)c3n2)CC1,True,419.5360000000002,2.39874,2,8,4,137.26999999999998,108.86620000000003,28,3,False,derivative,True
C[S@@](=N)(=O)C1(c2cc(CNc3cncc4[nH]ccc34)c3cnn(C4=NN=CC4)c3n2)CC1,True,447.52800000000025,3.221470000000002,3,8,5,137.06,124.58850000000004,32,3,False,derivative,True
C[S@@](=N)(=O)C1(c2cc(COc3cncc4[nH]ccc34)c3cnn(C4=NN=CC4)c3n2)CC1,True,448.5120000000002,3.1883700000000017,2,8,5,134.26,121.59380000000004,32,3,False,derivative,True
C[S@@](=N)(=O)C1(c2cc(NC[C@]3(O)C[C@H]4CC[C@@H](C3)O4)c3cnn(C4=NN=CC4)c3n2)CC1,True,457.56000000000023,2.2174699999999996,3,9,5,137.84000000000003,121.73660000000007,32,3,False,derivative,True
C[S@@](=N)(=O)C1(c2cc(NCc3cncc4[nH]ccc34)c3cnn(C4=NN=CC4)c3n2)CC1,True,447.52800000000025,3.221470000000002,3,8,5,137.06,124.58850000000004,32,3,False,derivative,True
C[S@@](=N)(=O)C1(c2cc(Nc3ccc([C@]4(O)C[C@H]5CC[C@@H](C4)O5)cc3)c3cnn(C4=NN=CC4)c3n2)CC1,True,519.6310000000003,4.005670000000003,3,9,5,137.84000000000003,141.91859999999986,37,2,False,derivative,False
C[S@@](=N)(=O)C1(c2cc(Nc3cncc4[nH]ccc34)c3cnn(C4=NN=CC4)c3n2)CC1,True,433.50100000000026,3.352970000000002,3,8,4,137.06,120.54450000000004,31,3,False,derivative,True
C[S@@](=N)(=O)C1(c2cc(OC[C@]3(O)C[C@H]4CC[C@@H](C3)O4)c3cnn(C4=NN=CC4)c3n2)CC1,True,458.5440000000002,2.1843699999999995,2,9,5,135.04000000000002,118.74190000000004,32,3,False,derivative,True
C[S@@](=N)(=O)C1(c2cc(OCc3cncc4[nH]ccc34)c3cnn(C4=NN=CC4)c3n2)CC1,True,448.5120000000002,3.1883700000000017,2,8,5,134.26,121.59380000000004,32,3,False,derivative,True
C[S@@](=N)(=O)C1(c2cc(Oc3ccc([C@]4(O)C[C@H]5CC[C@@H](C4)O5)cc3)c3cnn(C4=NN=CC4)c3n2)CC1,True,520.6150000000002,4.054370000000003,2,9,5,135.04000000000002,138.7098999999999,37,2,False,derivative,False
C[S@@](=N)(=O)C1(c2cc(Oc3cncc4[nH]ccc34)c3cnn(C4=NN=CC4)c3n2)CC1,True,434.48500000000024,3.401670000000001,2,8,4,134.26,117.33580000000003,31,3,False,derivative,True
C[S@@](=N)(=O)C1(c2cc([C@]3(O)C[C@H]4CC[C@@H](C3)O4)c3cnn(C4=NN=CC4)c3n2)CC1,True,428.51800000000014,2.2620700000000005,2,8,3,125.81000000000002,112.19390000000004,30,4,False,derivative,True
C[S@@](=N)(=O)C1(c2cc([C@]3(O)C[C@H]4CC[C@@H](C3)O4)nc3c2cnn3C2=NN=CC2)CC1,True,428.51800000000014,2.2620700000000005,2,8,3,125.81,112.19390000000006,30,4,False,derivative,True
C[S@@](=N)(=O)C1(c2ccc(-c3cc(C4([S@](C)(=N)=O)CC4)nc4c3cnn4C3=NN=CC3)cc2)CC1,True,495.63400000000036,4.0657400000000035,2,8,5,137.27,134.30219999999997,34,2,False,derivative,False
C[S@@](=N)(=O)C1(c2ccc(-c3cc([C@]4(O)C[C@H]5CC[C@@H](C4)O5)nc4c3cnn4C3=NN=CC3)cc2)CC1,True,504.6160000000003,3.929070000000003,2,8,4,125.81,137.6298999999999,36,3,False,derivative,True
C[S@@](=N)(=O)C1(c2ccc(Nc3cc([C@]4(O)C[C@H]5CC[C@@H](C4)O5)nc4c3cnn4C3=NN=CC3)cc2)CC1,True,519.6310000000003,4.005670000000003,3,9,5,137.84,141.91859999999986,37,2,False,derivative,False
N#Cc1cnc(-c2cc([C@]3(O)C[C@H]4CC[C@@H](C3)O4)nc3c2cnn3C2=NN=CC2)cn1,True,414.4290000000001,1.92508,1,9,2,134.45999999999998,110.23680000000004,31,3,False,derivative,True
N#Cc1cnc(-c2ccc(-c3cc([C@]4(O)C[C@H]5CC[C@@H](C4)O5)nc4c3cnn4C3=NN=CC3)cc2)cn1,True,490.52700000000016,3.592080000000002,1,9,3,134.45999999999998,135.6727999999999,37,2,False,derivative,False
O[C@@]1(CNc2cc([C@]3(O)C[C@H]4CC[C@@H](C3)O4)nc3c2cnn3C2=NN=CC2)C[C@H]2CC[C@@H](C1)O2,True,466.54200000000026,2.0808,3,9,4,126.38000000000001,125.06430000000003,34,4,False,derivative,True
O[C@@]1(c2cc(-c3cc(-c4cncc5[nH]ccc45)no3)c3cnn(C4=NN=CC4)c3n2)C[C@H]2CC[C@@H](C1)O2,True,494.5150000000003,3.7947000000000015,2,9,3,139.6,135.08049999999994,37,2,False,derivative,False
O[C@@]1(c2cc(-c3cc(-c4cncc5[nH]ccc45)on3)c3cnn(C4=NN=CC4)c3n2)C[C@H]2CC[C@@H](C1)O2,True,494.5150000000003,3.7947000000000015,2,9,3,139.6,135.08049999999994,37,2,False,derivative,False
O[C@@]1(c2cc(-c3ccc(-c4cncc5[nH]ccc45)cc3)c3cnn(C4=NN=CC4)c3n2)C[C@H]2CC[C@@H](C1)O2,True,503.5660000000004,4.806700000000005,2,7,3,113.57000000000001,145.0194999999998,38,3,False,derivative,True
O[C@@]1(c2cc(-c3ccc(Nc4cncc5[nH]ccc45)cc3)c3cnn(C4=NN=CC4)c3n2)C[C@H]2CC[C@@H](C1)O2,True,518.5810000000004,4.883300000000004,3,8,4,125.6,149.30819999999977,39,3,False,derivative,True
O[C@@]1(c2cc(-c3ccc(Oc4cncc5[nH]ccc45)cc3)c3cnn(C4=NN=CC4)c3n2)C[C@H]2CC[C@@H](C1)O2,True,519.5650000000003,4.932000000000005,2,8,4,122.80000000000001,146.09949999999978,39,3,False,derivative,True
O[C@@]1(c2cc(-c3cncc4[nH]ccc34)c3cnn(C4=NN=CC4)c3n2)C[C@H]2CC[C@@H](C1)O2,True,427.4680000000003,3.1397000000000013,2,7,2,113.57000000000001,119.58350000000003,32,4,False,derivative,True
O[C@@]1(c2cc(NCc3cncc4[nH]ccc34)c3cnn(C4=NN=CC4)c3n2)C[C@H]2CC[C@@H](C1)O2,True,456.51000000000033,3.0848000000000013,3,8,4,125.6,127.91620000000003,34,4,False,derivative,True
O[C@@]1(c2cc(Nc3ccc(-c4cncc5[nH]ccc45)cc3)c3cnn(C4=NN=CC4)c3n2)C[C@H]2CC[C@@H](C1)O2,True,518.5810000000004,4.883300000000004,3,8,4,125.6,149.30819999999977,39,3,False,derivative,True
O[C@@]1(c2cc(Nc3cncc4[nH]ccc34)c3cnn(C4=NN=CC4)c3n2)C[C@H]2CC[C@@H](C1)O2,True,442.48300000000035,3.2163000000000013,3,8,3,125.6,123.87220000000002,33,4,False,derivative,True
O[C@@]1(c2cc([C@]3(O)C[C@H]4CC[C@@H](C3)O4)c3cnn(C4=NN=CC4)c3n2)C[C@H]2CC[C@@H](C1)O2,True,437.5000000000003,2.1254,2,8,2,114.35,115.5216,32,4,False,derivative,True
O[C@@]1(c2ccc(-c3cc([C@]4(O)C[C@H]5CC[C@@H](C4)O5)nc4c3cnn4C3=NN=CC3)cc2)C[C@H]2CC[C@@H](C1)O2,True,513.5980000000003,3.7924000000000033,2,8,3,114.35000000000001,140.95759999999987,38,3,False,derivative,True
O[C@@]1(c2ccc(Nc3cc([C@]4(O)C[C@H]5CC[C@@H](C4)O5)nc4c3cnn4C3=NN=CC3)cc2)C[C@H]2CC[C@@H](C1)O2,True,528.6130000000003,3.8690000000000033,3,9,4,126.38000000000001,145.2462999999998,39,3,False,derivative,True
